headline,url,publisher,date,stock
Price Target Raised Analyst Bullish Sec Filing Insider Buying Earnings Beat Estimates Shares Rise Merger Talks Speculation Volatile — Update,https://example.com/article/0,editor@marketwatch.com,2023-01-04 06:39:00 UTC-4,AAPL
Downgrade Concerns Margin Pressure Merger Talks Speculation Volatile Earnings Beat Estimates Shares Rise Dividend Increased Yield Income — Update,https://example.com/article/1,Reuters,2023-01-04 06:43:00 UTC-4,GOOGL
Dividend Increased Yield Income Fda Approval Pipeline Stock Jumps Earnings Beat Estimates Shares Rise Price Target Raised Analyst Bullish — Update,https://example.com/article/2,Reuters,2023-01-04 04:24:00 UTC-4,GOOGL
Fda Approval Pipeline Stock Jumps Sec Filing Insider Buying Merger Talks Speculation Volatile — Update,https://example.com/article/3,alerts@thefly.com,2023-01-04 06:16:00 UTC-4,GOOGL
Downgrade Concerns Margin Pressure Price Target Raised Analyst Bullish Revenue Growth Cloud Strong Earnings Beat Estimates Shares Rise Fda Approval Pipeline Stock Jumps — Update,https://example.com/article/4,Reuters,2023-01-04 10:40:00 UTC-4,MSFT
Earnings Beat Estimates Shares Rise Price Target Raised Analyst Bullish Fda Approval Pipeline Stock Jumps Dividend Increased Yield Income — Update,https://example.com/article/5,Bloomberg,2023-01-04 05:21:00 UTC-4,GOOGL
Downgrade Concerns Margin Pressure Price Target Raised Analyst Bullish Dividend Increased Yield Income — Update,https://example.com/article/6,editor@marketwatch.com,2023-01-03 22:41:00 UTC-4,MSFT
Price Target Raised Analyst Bullish Sec Filing Insider Buying Dividend Increased Yield Income — Update,https://example.com/article/7,Reuters,2023-01-04 06:37:00 UTC-4,AAPL
Sec Filing Insider Buying Merger Talks Speculation Volatile Price Target Raised Analyst Bullish — Update,https://example.com/article/8,tips@benzinga.com,2023-01-05 01:53:00 UTC-4,GOOGL
Fda Approval Pipeline Stock Jumps Sec Filing Insider Buying Price Target Raised Analyst Bullish Merger Talks Speculation Volatile Dividend Increased Yield Income — Update,https://example.com/article/9,Reuters,2023-01-04 21:47:00 UTC-4,GOOGL
Revenue Growth Cloud Strong Dividend Increased Yield Income Downgrade Concerns Margin Pressure Sec Filing Insider Buying — Update,https://example.com/article/10,news@reuters.com,2023-01-04 22:14:00 UTC-4,AAPL
Fda Approval Pipeline Stock Jumps Downgrade Concerns Margin Pressure Dividend Increased Yield Income — Update,https://example.com/article/11,alerts@thefly.com,2023-01-05 04:33:00 UTC-4,MSFT
Sec Filing Insider Buying Revenue Growth Cloud Strong Fda Approval Pipeline Stock Jumps — Update,https://example.com/article/12,tips@benzinga.com,2023-01-05 02:58:00 UTC-4,MSFT
Price Target Raised Analyst Bullish Fda Approval Pipeline Stock Jumps Merger Talks Speculation Volatile Earnings Beat Estimates Shares Rise Downgrade Concerns Margin Pressure — Update,https://example.com/article/13,tips@benzinga.com,2023-01-04 21:51:00 UTC-4,GOOGL
Fda Approval Pipeline Stock Jumps Earnings Beat Estimates Shares Rise Price Target Raised Analyst Bullish — Update,https://example.com/article/14,Reuters,2023-01-05 01:25:00 UTC-4,MSFT
Sec Filing Insider Buying Earnings Beat Estimates Shares Rise Merger Talks Speculation Volatile Price Target Raised Analyst Bullish Downgrade Concerns Margin Pressure — Update,https://example.com/article/15,editor@marketwatch.com,2023-01-05 05:41:00 UTC-4,GOOGL
Sec Filing Insider Buying Dividend Increased Yield Income Earnings Beat Estimates Shares Rise Fda Approval Pipeline Stock Jumps Downgrade Concerns Margin Pressure — Update,https://example.com/article/16,tips@benzinga.com,2023-01-06 01:14:00 UTC-4,AAPL
Sec Filing Insider Buying Merger Talks Speculation Volatile Price Target Raised Analyst Bullish Fda Approval Pipeline Stock Jumps — Update,https://example.com/article/17,Reuters,2023-01-06 10:29:00 UTC-4,MSFT
Downgrade Concerns Margin Pressure Revenue Growth Cloud Strong Earnings Beat Estimates Shares Rise — Update,https://example.com/article/18,tips@benzinga.com,2023-01-06 02:44:00 UTC-4,GOOGL
Sec Filing Insider Buying Price Target Raised Analyst Bullish Merger Talks Speculation Volatile Downgrade Concerns Margin Pressure Fda Approval Pipeline Stock Jumps — Update,https://example.com/article/19,tips@benzinga.com,2023-01-05 23:43:00 UTC-4,GOOGL
Dividend Increased Yield Income Downgrade Concerns Margin Pressure Earnings Beat Estimates Shares Rise — Update,https://example.com/article/20,alerts@thefly.com,2023-01-06 02:18:00 UTC-4,MSFT
Revenue Growth Cloud Strong Fda Approval Pipeline Stock Jumps Price Target Raised Analyst Bullish — Update,https://example.com/article/21,news@reuters.com,2023-01-06 01:47:00 UTC-4,GOOGL
Earnings Beat Estimates Shares Rise Merger Talks Speculation Volatile Sec Filing Insider Buying Price Target Raised Analyst Bullish Dividend Increased Yield Income — Update,https://example.com/article/22,alerts@thefly.com,2023-01-05 22:10:00 UTC-4,GOOGL
Dividend Increased Yield Income Sec Filing Insider Buying Earnings Beat Estimates Shares Rise Fda Approval Pipeline Stock Jumps — Update,https://example.com/article/23,Bloomberg,2023-01-05 21:09:00 UTC-4,AAPL
Sec Filing Insider Buying Downgrade Concerns Margin Pressure Revenue Growth Cloud Strong — Update,https://example.com/article/24,Bloomberg,2023-01-07 02:26:00 UTC-4,GOOGL
Earnings Beat Estimates Shares Rise Sec Filing Insider Buying Merger Talks Speculation Volatile Fda Approval Pipeline Stock Jumps Price Target Raised Analyst Bullish — Update,https://example.com/article/25,alerts@thefly.com,2023-01-07 00:32:00 UTC-4,GOOGL
Downgrade Concerns Margin Pressure Earnings Beat Estimates Shares Rise Revenue Growth Cloud Strong Price Target Raised Analyst Bullish — Update,https://example.com/article/26,news@reuters.com,2023-01-07 03:18:00 UTC-4,AAPL
Price Target Raised Analyst Bullish Dividend Increased Yield Income Revenue Growth Cloud Strong Merger Talks Speculation Volatile — Update,https://example.com/article/27,news@reuters.com,2023-01-07 06:19:00 UTC-4,GOOGL
Fda Approval Pipeline Stock Jumps Merger Talks Speculation Volatile Dividend Increased Yield Income Price Target Raised Analyst Bullish — Update,https://example.com/article/28,Reuters,2023-01-07 01:18:00 UTC-4,MSFT
Downgrade Concerns Margin Pressure Sec Filing Insider Buying Dividend Increased Yield Income Revenue Growth Cloud Strong Earnings Beat Estimates Shares Rise — Update,https://example.com/article/29,tips@benzinga.com,2023-01-07 03:54:00 UTC-4,MSFT
Merger Talks Speculation Volatile Earnings Beat Estimates Shares Rise Downgrade Concerns Margin Pressure Price Target Raised Analyst Bullish Dividend Increased Yield Income — Update,https://example.com/article/30,Reuters,2023-01-07 10:05:00 UTC-4,AAPL
Downgrade Concerns Margin Pressure Revenue Growth Cloud Strong Merger Talks Speculation Volatile Fda Approval Pipeline Stock Jumps Earnings Beat Estimates Shares Rise — Update,https://example.com/article/31,editor@marketwatch.com,2023-01-07 04:24:00 UTC-4,MSFT
Downgrade Concerns Margin Pressure Price Target Raised Analyst Bullish Earnings Beat Estimates Shares Rise Merger Talks Speculation Volatile Fda Approval Pipeline Stock Jumps — Update,https://example.com/article/32,Reuters,2023-01-07 22:04:00 UTC-4,AAPL
Merger Talks Speculation Volatile Dividend Increased Yield Income Downgrade Concerns Margin Pressure — Update,https://example.com/article/33,Reuters,2023-01-08 00:59:00 UTC-4,AAPL
Sec Filing Insider Buying Earnings Beat Estimates Shares Rise Dividend Increased Yield Income — Update,https://example.com/article/34,tips@benzinga.com,2023-01-07 21:10:00 UTC-4,GOOGL
Sec Filing Insider Buying Merger Talks Speculation Volatile Revenue Growth Cloud Strong Price Target Raised Analyst Bullish Fda Approval Pipeline Stock Jumps — Update,https://example.com/article/35,Reuters,2023-01-08 03:55:00 UTC-4,AAPL
Revenue Growth Cloud Strong Fda Approval Pipeline Stock Jumps Merger Talks Speculation Volatile Earnings Beat Estimates Shares Rise — Update,https://example.com/article/36,news@reuters.com,2023-01-07 22:26:00 UTC-4,GOOGL
Downgrade Concerns Margin Pressure Sec Filing Insider Buying Dividend Increased Yield Income Price Target Raised Analyst Bullish — Update,https://example.com/article/37,Bloomberg,2023-01-08 04:18:00 UTC-4,MSFT
Sec Filing Insider Buying Downgrade Concerns Margin Pressure Revenue Growth Cloud Strong Fda Approval Pipeline Stock Jumps Earnings Beat Estimates Shares Rise — Update,https://example.com/article/38,news@reuters.com,2023-01-08 04:50:00 UTC-4,AAPL
Earnings Beat Estimates Shares Rise Dividend Increased Yield Income Revenue Growth Cloud Strong Downgrade Concerns Margin Pressure — Update,https://example.com/article/39,editor@marketwatch.com,2023-01-08 06:25:00 UTC-4,GOOGL
Fda Approval Pipeline Stock Jumps Merger Talks Speculation Volatile Sec Filing Insider Buying Revenue Growth Cloud Strong — Update,https://example.com/article/40,tips@benzinga.com,2023-01-09 06:27:00 UTC-4,AAPL
Downgrade Concerns Margin Pressure Price Target Raised Analyst Bullish Sec Filing Insider Buying Revenue Growth Cloud Strong Earnings Beat Estimates Shares Rise — Update,https://example.com/article/41,editor@marketwatch.com,2023-01-09 01:07:00 UTC-4,AAPL
Sec Filing Insider Buying Downgrade Concerns Margin Pressure Merger Talks Speculation Volatile Revenue Growth Cloud Strong Earnings Beat Estimates Shares Rise — Update,https://example.com/article/42,Reuters,2023-01-08 23:59:00 UTC-4,AAPL
Dividend Increased Yield Income Price Target Raised Analyst Bullish Sec Filing Insider Buying Merger Talks Speculation Volatile Earnings Beat Estimates Shares Rise — Update,https://example.com/article/43,tips@benzinga.com,2023-01-09 06:19:00 UTC-4,AAPL
Earnings Beat Estimates Shares Rise Dividend Increased Yield Income Merger Talks Speculation Volatile Revenue Growth Cloud Strong Price Target Raised Analyst Bullish — Update,https://example.com/article/44,news@reuters.com,2023-01-08 22:32:00 UTC-4,MSFT
Revenue Growth Cloud Strong Sec Filing Insider Buying Downgrade Concerns Margin Pressure Fda Approval Pipeline Stock Jumps Dividend Increased Yield Income — Update,https://example.com/article/45,tips@benzinga.com,2023-01-09 01:49:00 UTC-4,GOOGL
Dividend Increased Yield Income Sec Filing Insider Buying Revenue Growth Cloud Strong Fda Approval Pipeline Stock Jumps — Update,https://example.com/article/46,tips@benzinga.com,2023-01-08 23:13:00 UTC-4,GOOGL
Dividend Increased Yield Income Revenue Growth Cloud Strong Earnings Beat Estimates Shares Rise — Update,https://example.com/article/47,news@reuters.com,2023-01-09 03:53:00 UTC-4,GOOGL
Downgrade Concerns Margin Pressure Sec Filing Insider Buying Price Target Raised Analyst Bullish Fda Approval Pipeline Stock Jumps Dividend Increased Yield Income — Update,https://example.com/article/48,Bloomberg,2023-01-09 22:50:00 UTC-4,GOOGL
Sec Filing Insider Buying Fda Approval Pipeline Stock Jumps Downgrade Concerns Margin Pressure Price Target Raised Analyst Bullish Revenue Growth Cloud Strong — Update,https://example.com/article/49,news@reuters.com,2023-01-10 06:44:00 UTC-4,MSFT
Downgrade Concerns Margin Pressure Revenue Growth Cloud Strong Earnings Beat Estimates Shares Rise — Update,https://example.com/article/50,tips@benzinga.com,2023-01-10 04:14:00 UTC-4,GOOGL
Fda Approval Pipeline Stock Jumps Downgrade Concerns Margin Pressure Price Target Raised Analyst Bullish Merger Talks Speculation Volatile — Update,https://example.com/article/51,editor@marketwatch.com,2023-01-09 23:20:00 UTC-4,MSFT
Downgrade Concerns Margin Pressure Merger Talks Speculation Volatile Dividend Increased Yield Income Revenue Growth Cloud Strong Fda Approval Pipeline Stock Jumps — Update,https://example.com/article/52,Bloomberg,2023-01-10 00:47:00 UTC-4,AAPL
Sec Filing Insider Buying Earnings Beat Estimates Shares Rise Fda Approval Pipeline Stock Jumps Merger Talks Speculation Volatile — Update,https://example.com/article/53,Reuters,2023-01-10 04:12:00 UTC-4,MSFT
Revenue Growth Cloud Strong Merger Talks Speculation Volatile Dividend Increased Yield Income Earnings Beat Estimates Shares Rise — Update,https://example.com/article/54,Reuters,2023-01-09 23:35:00 UTC-4,AAPL
Earnings Beat Estimates Shares Rise Dividend Increased Yield Income Merger Talks Speculation Volatile Revenue Growth Cloud Strong — Update,https://example.com/article/55,news@reuters.com,2023-01-10 05:34:00 UTC-4,MSFT
Merger Talks Speculation Volatile Fda Approval Pipeline Stock Jumps Downgrade Concerns Margin Pressure Dividend Increased Yield Income Earnings Beat Estimates Shares Rise — Update,https://example.com/article/56,Reuters,2023-01-11 04:26:00 UTC-4,MSFT
Merger Talks Speculation Volatile Downgrade Concerns Margin Pressure Earnings Beat Estimates Shares Rise — Update,https://example.com/article/57,tips@benzinga.com,2023-01-11 04:10:00 UTC-4,MSFT
Fda Approval Pipeline Stock Jumps Merger Talks Speculation Volatile Dividend Increased Yield Income Price Target Raised Analyst Bullish Downgrade Concerns Margin Pressure — Update,https://example.com/article/58,Reuters,2023-01-11 03:43:00 UTC-4,GOOGL
Fda Approval Pipeline Stock Jumps Merger Talks Speculation Volatile Downgrade Concerns Margin Pressure Revenue Growth Cloud Strong — Update,https://example.com/article/59,news@reuters.com,2023-01-10 22:43:00 UTC-4,GOOGL
Dividend Increased Yield Income Fda Approval Pipeline Stock Jumps Downgrade Concerns Margin Pressure Merger Talks Speculation Volatile Price Target Raised Analyst Bullish — Update,https://example.com/article/60,Bloomberg,2023-01-11 01:44:00 UTC-4,GOOGL
Price Target Raised Analyst Bullish Merger Talks Speculation Volatile Fda Approval Pipeline Stock Jumps Sec Filing Insider Buying — Update,https://example.com/article/61,Bloomberg,2023-01-10 22:05:00 UTC-4,GOOGL
Sec Filing Insider Buying Earnings Beat Estimates Shares Rise Fda Approval Pipeline Stock Jumps Dividend Increased Yield Income — Update,https://example.com/article/62,Reuters,2023-01-11 11:21:00 UTC-4,GOOGL
Sec Filing Insider Buying Revenue Growth Cloud Strong Dividend Increased Yield Income — Update,https://example.com/article/63,news@reuters.com,2023-01-11 11:25:00 UTC-4,GOOGL
Downgrade Concerns Margin Pressure Earnings Beat Estimates Shares Rise Dividend Increased Yield Income Revenue Growth Cloud Strong — Update,https://example.com/article/64,Reuters,2023-01-12 04:01:00 UTC-4,MSFT
Price Target Raised Analyst Bullish Downgrade Concerns Margin Pressure Revenue Growth Cloud Strong — Update,https://example.com/article/65,editor@marketwatch.com,2023-01-12 02:18:00 UTC-4,GOOGL
Dividend Increased Yield Income Merger Talks Speculation Volatile Fda Approval Pipeline Stock Jumps — Update,https://example.com/article/66,Bloomberg,2023-01-11 22:23:00 UTC-4,MSFT
Dividend Increased Yield Income Downgrade Concerns Margin Pressure Earnings Beat Estimates Shares Rise — Update,https://example.com/article/67,Bloomberg,2023-01-11 22:39:00 UTC-4,AAPL
Price Target Raised Analyst Bullish Downgrade Concerns Margin Pressure Revenue Growth Cloud Strong — Update,https://example.com/article/68,news@reuters.com,2023-01-12 10:51:00 UTC-4,GOOGL
Sec Filing Insider Buying Earnings Beat Estimates Shares Rise Downgrade Concerns Margin Pressure — Update,https://example.com/article/69,Bloomberg,2023-01-11 23:00:00 UTC-4,GOOGL
Fda Approval Pipeline Stock Jumps Sec Filing Insider Buying Price Target Raised Analyst Bullish Downgrade Concerns Margin Pressure Merger Talks Speculation Volatile — Update,https://example.com/article/70,alerts@thefly.com,2023-01-11 21:49:00 UTC-4,AAPL
Merger Talks Speculation Volatile Earnings Beat Estimates Shares Rise Downgrade Concerns Margin Pressure Fda Approval Pipeline Stock Jumps Dividend Increased Yield Income — Update,https://example.com/article/71,Reuters,2023-01-12 11:07:00 UTC-4,GOOGL
Revenue Growth Cloud Strong Earnings Beat Estimates Shares Rise Dividend Increased Yield Income Downgrade Concerns Margin Pressure — Update,https://example.com/article/72,Reuters,2023-01-13 03:32:00 UTC-4,GOOGL
Merger Talks Speculation Volatile Downgrade Concerns Margin Pressure Revenue Growth Cloud Strong — Update,https://example.com/article/73,tips@benzinga.com,2023-01-12 23:00:00 UTC-4,AAPL
Earnings Beat Estimates Shares Rise Revenue Growth Cloud Strong Price Target Raised Analyst Bullish — Update,https://example.com/article/74,alerts@thefly.com,2023-01-12 21:04:00 UTC-4,MSFT
Downgrade Concerns Margin Pressure Price Target Raised Analyst Bullish Earnings Beat Estimates Shares Rise Merger Talks Speculation Volatile Dividend Increased Yield Income — Update,https://example.com/article/75,news@reuters.com,2023-01-12 23:22:00 UTC-4,MSFT
Dividend Increased Yield Income Fda Approval Pipeline Stock Jumps Downgrade Concerns Margin Pressure — Update,https://example.com/article/76,news@reuters.com,2023-01-13 03:26:00 UTC-4,GOOGL
Earnings Beat Estimates Shares Rise Merger Talks Speculation Volatile Downgrade Concerns Margin Pressure Price Target Raised Analyst Bullish — Update,https://example.com/article/77,alerts@thefly.com,2023-01-13 05:15:00 UTC-4,MSFT
Earnings Beat Estimates Shares Rise Fda Approval Pipeline Stock Jumps Price Target Raised Analyst Bullish Merger Talks Speculation Volatile Sec Filing Insider Buying — Update,https://example.com/article/78,news@reuters.com,2023-01-13 02:07:00 UTC-4,GOOGL
Fda Approval Pipeline Stock Jumps Dividend Increased Yield Income Price Target Raised Analyst Bullish — Update,https://example.com/article/79,editor@marketwatch.com,2023-01-13 04:58:00 UTC-4,MSFT
Downgrade Concerns Margin Pressure Revenue Growth Cloud Strong Fda Approval Pipeline Stock Jumps — Update,https://example.com/article/80,news@reuters.com,2023-01-14 00:55:00 UTC-4,MSFT
Revenue Growth Cloud Strong Downgrade Concerns Margin Pressure Dividend Increased Yield Income Merger Talks Speculation Volatile — Update,https://example.com/article/81,alerts@thefly.com,2023-01-14 03:21:00 UTC-4,AAPL
Dividend Increased Yield Income Fda Approval Pipeline Stock Jumps Downgrade Concerns Margin Pressure — Update,https://example.com/article/82,alerts@thefly.com,2023-01-14 06:20:00 UTC-4,AAPL
Merger Talks Speculation Volatile Earnings Beat Estimates Shares Rise Revenue Growth Cloud Strong Sec Filing Insider Buying — Update,https://example.com/article/83,Reuters,2023-01-14 03:48:00 UTC-4,GOOGL
Fda Approval Pipeline Stock Jumps Downgrade Concerns Margin Pressure Earnings Beat Estimates Shares Rise Merger Talks Speculation Volatile — Update,https://example.com/article/84,tips@benzinga.com,2023-01-14 06:14:00 UTC-4,AAPL
Fda Approval Pipeline Stock Jumps Price Target Raised Analyst Bullish Downgrade Concerns Margin Pressure — Update,https://example.com/article/85,news@reuters.com,2023-01-14 10:49:00 UTC-4,GOOGL
Sec Filing Insider Buying Earnings Beat Estimates Shares Rise Revenue Growth Cloud Strong Fda Approval Pipeline Stock Jumps Merger Talks Speculation Volatile — Update,https://example.com/article/86,Reuters,2023-01-14 00:03:00 UTC-4,GOOGL
Price Target Raised Analyst Bullish Sec Filing Insider Buying Downgrade Concerns Margin Pressure Earnings Beat Estimates Shares Rise — Update,https://example.com/article/87,news@reuters.com,2023-01-14 04:40:00 UTC-4,AAPL
Merger Talks Speculation Volatile Dividend Increased Yield Income Downgrade Concerns Margin Pressure — Update,https://example.com/article/88,Reuters,2023-01-15 00:46:00 UTC-4,MSFT
Fda Approval Pipeline Stock Jumps Merger Talks Speculation Volatile Price Target Raised Analyst Bullish Sec Filing Insider Buying Earnings Beat Estimates Shares Rise — Update,https://example.com/article/89,tips@benzinga.com,2023-01-14 21:40:00 UTC-4,MSFT
Sec Filing Insider Buying Earnings Beat Estimates Shares Rise Downgrade Concerns Margin Pressure Merger Talks Speculation Volatile Revenue Growth Cloud Strong — Update,https://example.com/article/90,Bloomberg,2023-01-15 03:12:00 UTC-4,GOOGL
Price Target Raised Analyst Bullish Dividend Increased Yield Income Revenue Growth Cloud Strong Fda Approval Pipeline Stock Jumps — Update,https://example.com/article/91,editor@marketwatch.com,2023-01-15 06:02:00 UTC-4,GOOGL
Price Target Raised Analyst Bullish Sec Filing Insider Buying Downgrade Concerns Margin Pressure — Update,https://example.com/article/92,tips@benzinga.com,2023-01-14 21:37:00 UTC-4,GOOGL
Price Target Raised Analyst Bullish Dividend Increased Yield Income Sec Filing Insider Buying — Update,https://example.com/article/93,news@reuters.com,2023-01-15 02:00:00 UTC-4,GOOGL
Merger Talks Speculation Volatile Downgrade Concerns Margin Pressure Fda Approval Pipeline Stock Jumps Earnings Beat Estimates Shares Rise Dividend Increased Yield Income — Update,https://example.com/article/94,Reuters,2023-01-15 04:24:00 UTC-4,MSFT
Downgrade Concerns Margin Pressure Fda Approval Pipeline Stock Jumps Merger Talks Speculation Volatile Dividend Increased Yield Income — Update,https://example.com/article/95,editor@marketwatch.com,2023-01-15 10:19:00 UTC-4,GOOGL
Revenue Growth Cloud Strong Price Target Raised Analyst Bullish Downgrade Concerns Margin Pressure Sec Filing Insider Buying — Update,https://example.com/article/96,Bloomberg,2023-01-16 04:07:00 UTC-4,AAPL
Earnings Beat Estimates Shares Rise Price Target Raised Analyst Bullish Downgrade Concerns Margin Pressure Fda Approval Pipeline Stock Jumps — Update,https://example.com/article/97,Bloomberg,2023-01-16 01:59:00 UTC-4,AAPL
Merger Talks Speculation Volatile Earnings Beat Estimates Shares Rise Fda Approval Pipeline Stock Jumps Price Target Raised Analyst Bullish Dividend Increased Yield Income — Update,https://example.com/article/98,Bloomberg,2023-01-15 21:36:00 UTC-4,AAPL
Downgrade Concerns Margin Pressure Dividend Increased Yield Income Merger Talks Speculation Volatile Sec Filing Insider Buying Revenue Growth Cloud Strong — Update,https://example.com/article/99,alerts@thefly.com,2023-01-16 05:31:00 UTC-4,AAPL
Earnings Beat Estimates Shares Rise Sec Filing Insider Buying Fda Approval Pipeline Stock Jumps Downgrade Concerns Margin Pressure — Update,https://example.com/article/100,Bloomberg,2023-01-16 05:17:00 UTC-4,MSFT
Revenue Growth Cloud Strong Earnings Beat Estimates Shares Rise Dividend Increased Yield Income Merger Talks Speculation Volatile Fda Approval Pipeline Stock Jumps — Update,https://example.com/article/101,alerts@thefly.com,2023-01-16 02:38:00 UTC-4,GOOGL
Earnings Beat Estimates Shares Rise Revenue Growth Cloud Strong Fda Approval Pipeline Stock Jumps — Update,https://example.com/article/102,editor@marketwatch.com,2023-01-16 05:38:00 UTC-4,GOOGL
Dividend Increased Yield Income Downgrade Concerns Margin Pressure Merger Talks Speculation Volatile Sec Filing Insider Buying Price Target Raised Analyst Bullish — Update,https://example.com/article/103,Bloomberg,2023-01-16 02:52:00 UTC-4,GOOGL
Downgrade Concerns Margin Pressure Sec Filing Insider Buying Dividend Increased Yield Income — Update,https://example.com/article/104,Reuters,2023-01-17 03:32:00 UTC-4,AAPL
Earnings Beat Estimates Shares Rise Sec Filing Insider Buying Dividend Increased Yield Income Merger Talks Speculation Volatile — Update,https://example.com/article/105,news@reuters.com,2023-01-17 01:57:00 UTC-4,AAPL
Earnings Beat Estimates Shares Rise Fda Approval Pipeline Stock Jumps Revenue Growth Cloud Strong Merger Talks Speculation Volatile — Update,https://example.com/article/106,Reuters,2023-01-17 10:44:00 UTC-4,AAPL
Fda Approval Pipeline Stock Jumps Earnings Beat Estimates Shares Rise Merger Talks Speculation Volatile Price Target Raised Analyst Bullish Downgrade Concerns Margin Pressure — Update,https://example.com/article/107,news@reuters.com,2023-01-17 10:26:00 UTC-4,AAPL
Downgrade Concerns Margin Pressure Merger Talks Speculation Volatile Fda Approval Pipeline Stock Jumps Sec Filing Insider Buying — Update,https://example.com/article/108,tips@benzinga.com,2023-01-17 05:15:00 UTC-4,MSFT
Downgrade Concerns Margin Pressure Price Target Raised Analyst Bullish Revenue Growth Cloud Strong — Update,https://example.com/article/109,editor@marketwatch.com,2023-01-17 04:26:00 UTC-4,GOOGL
Dividend Increased Yield Income Downgrade Concerns Margin Pressure Fda Approval Pipeline Stock Jumps Merger Talks Speculation Volatile — Update,https://example.com/article/110,editor@marketwatch.com,2023-01-16 22:40:00 UTC-4,GOOGL
Downgrade Concerns Margin Pressure Price Target Raised Analyst Bullish Revenue Growth Cloud Strong — Update,https://example.com/article/111,news@reuters.com,2023-01-17 01:32:00 UTC-4,GOOGL
Price Target Raised Analyst Bullish Downgrade Concerns Margin Pressure Fda Approval Pipeline Stock Jumps Merger Talks Speculation Volatile — Update,https://example.com/article/112,editor@marketwatch.com,2023-01-18 04:03:00 UTC-4,GOOGL
Price Target Raised Analyst Bullish Earnings Beat Estimates Shares Rise Revenue Growth Cloud Strong Downgrade Concerns Margin Pressure — Update,https://example.com/article/113,tips@benzinga.com,2023-01-17 21:21:00 UTC-4,AAPL
Dividend Increased Yield Income Downgrade Concerns Margin Pressure Revenue Growth Cloud Strong Sec Filing Insider Buying Fda Approval Pipeline Stock Jumps — Update,https://example.com/article/114,Bloomberg,2023-01-18 02:53:00 UTC-4,MSFT
Dividend Increased Yield Income Sec Filing Insider Buying Downgrade Concerns Margin Pressure — Update,https://example.com/article/115,Bloomberg,2023-01-18 00:53:00 UTC-4,MSFT
Revenue Growth Cloud Strong Dividend Increased Yield Income Earnings Beat Estimates Shares Rise Sec Filing Insider Buying Price Target Raised Analyst Bullish — Update,https://example.com/article/116,tips@benzinga.com,2023-01-18 04:01:00 UTC-4,MSFT
Downgrade Concerns Margin Pressure Revenue Growth Cloud Strong Sec Filing Insider Buying Dividend Increased Yield Income — Update,https://example.com/article/117,Reuters,2023-01-18 03:15:00 UTC-4,AAPL
Price Target Raised Analyst Bullish Sec Filing Insider Buying Revenue Growth Cloud Strong Merger Talks Speculation Volatile Downgrade Concerns Margin Pressure — Update,https://example.com/article/118,Reuters,2023-01-18 05:15:00 UTC-4,MSFT
Merger Talks Speculation Volatile Fda Approval Pipeline Stock Jumps Dividend Increased Yield Income Earnings Beat Estimates Shares Rise Revenue Growth Cloud Strong — Update,https://example.com/article/119,Bloomberg,2023-01-18 04:19:00 UTC-4,MSFT
Dividend Increased Yield Income Earnings Beat Estimates Shares Rise Fda Approval Pipeline Stock Jumps Downgrade Concerns Margin Pressure — Update,https://example.com/article/120,tips@benzinga.com,2023-01-18 21:03:00 UTC-4,AAPL
Revenue Growth Cloud Strong Price Target Raised Analyst Bullish Merger Talks Speculation Volatile Earnings Beat Estimates Shares Rise — Update,https://example.com/article/121,news@reuters.com,2023-01-18 21:51:00 UTC-4,AAPL
Price Target Raised Analyst Bullish Earnings Beat Estimates Shares Rise Fda Approval Pipeline Stock Jumps — Update,https://example.com/article/122,editor@marketwatch.com,2023-01-19 00:29:00 UTC-4,GOOGL
Price Target Raised Analyst Bullish Revenue Growth Cloud Strong Downgrade Concerns Margin Pressure — Update,https://example.com/article/123,news@reuters.com,2023-01-19 10:09:00 UTC-4,MSFT
Price Target Raised Analyst Bullish Merger Talks Speculation Volatile Revenue Growth Cloud Strong Downgrade Concerns Margin Pressure — Update,https://example.com/article/124,Reuters,2023-01-19 02:33:00 UTC-4,MSFT
Fda Approval Pipeline Stock Jumps Price Target Raised Analyst Bullish Merger Talks Speculation Volatile Revenue Growth Cloud Strong — Update,https://example.com/article/125,Reuters,2023-01-19 02:51:00 UTC-4,GOOGL
Merger Talks Speculation Volatile Revenue Growth Cloud Strong Earnings Beat Estimates Shares Rise — Update,https://example.com/article/126,Reuters,2023-01-19 02:51:00 UTC-4,MSFT
Revenue Growth Cloud Strong Earnings Beat Estimates Shares Rise Merger Talks Speculation Volatile Dividend Increased Yield Income Price Target Raised Analyst Bullish — Update,https://example.com/article/127,news@reuters.com,2023-01-19 11:05:00 UTC-4,AAPL
Price Target Raised Analyst Bullish Downgrade Concerns Margin Pressure Fda Approval Pipeline Stock Jumps Sec Filing Insider Buying Earnings Beat Estimates Shares Rise — Update,https://example.com/article/128,alerts@thefly.com,2023-01-20 03:13:00 UTC-4,AAPL
Revenue Growth Cloud Strong Price Target Raised Analyst Bullish Sec Filing Insider Buying — Update,https://example.com/article/129,Bloomberg,2023-01-20 06:59:00 UTC-4,GOOGL
Dividend Increased Yield Income Sec Filing Insider Buying Fda Approval Pipeline Stock Jumps — Update,https://example.com/article/130,Bloomberg,2023-01-20 04:54:00 UTC-4,GOOGL
Revenue Growth Cloud Strong Price Target Raised Analyst Bullish Downgrade Concerns Margin Pressure — Update,https://example.com/article/131,alerts@thefly.com,2023-01-20 06:06:00 UTC-4,MSFT
Price Target Raised Analyst Bullish Merger Talks Speculation Volatile Revenue Growth Cloud Strong Earnings Beat Estimates Shares Rise Sec Filing Insider Buying — Update,https://example.com/article/132,news@reuters.com,2023-01-19 21:51:00 UTC-4,GOOGL
Price Target Raised Analyst Bullish Merger Talks Speculation Volatile Dividend Increased Yield Income — Update,https://example.com/article/133,tips@benzinga.com,2023-01-20 05:49:00 UTC-4,AAPL
Merger Talks Speculation Volatile Dividend Increased Yield Income Price Target Raised Analyst Bullish — Update,https://example.com/article/134,Reuters,2023-01-19 22:40:00 UTC-4,GOOGL
Revenue Growth Cloud Strong Sec Filing Insider Buying Downgrade Concerns Margin Pressure Merger Talks Speculation Volatile — Update,https://example.com/article/135,news@reuters.com,2023-01-19 21:55:00 UTC-4,AAPL
Price Target Raised Analyst Bullish Downgrade Concerns Margin Pressure Fda Approval Pipeline Stock Jumps — Update,https://example.com/article/136,alerts@thefly.com,2023-01-21 10:24:00 UTC-4,AAPL
Sec Filing Insider Buying Dividend Increased Yield Income Price Target Raised Analyst Bullish Downgrade Concerns Margin Pressure — Update,https://example.com/article/137,tips@benzinga.com,2023-01-21 04:07:00 UTC-4,MSFT
Price Target Raised Analyst Bullish Sec Filing Insider Buying Merger Talks Speculation Volatile Downgrade Concerns Margin Pressure Dividend Increased Yield Income — Update,https://example.com/article/138,Bloomberg,2023-01-20 23:50:00 UTC-4,AAPL
Dividend Increased Yield Income Revenue Growth Cloud Strong Merger Talks Speculation Volatile — Update,https://example.com/article/139,alerts@thefly.com,2023-01-21 05:45:00 UTC-4,MSFT
Revenue Growth Cloud Strong Merger Talks Speculation Volatile Fda Approval Pipeline Stock Jumps — Update,https://example.com/article/140,news@reuters.com,2023-01-21 03:56:00 UTC-4,GOOGL
Downgrade Concerns Margin Pressure Merger Talks Speculation Volatile Earnings Beat Estimates Shares Rise Price Target Raised Analyst Bullish — Update,https://example.com/article/141,Bloomberg,2023-01-20 22:46:00 UTC-4,GOOGL
Downgrade Concerns Margin Pressure Price Target Raised Analyst Bullish Dividend Increased Yield Income Revenue Growth Cloud Strong Merger Talks Speculation Volatile — Update,https://example.com/article/142,tips@benzinga.com,2023-01-20 23:40:00 UTC-4,AAPL
Fda Approval Pipeline Stock Jumps Revenue Growth Cloud Strong Earnings Beat Estimates Shares Rise Dividend Increased Yield Income — Update,https://example.com/article/143,editor@marketwatch.com,2023-01-21 10:38:00 UTC-4,MSFT
Merger Talks Speculation Volatile Revenue Growth Cloud Strong Sec Filing Insider Buying Downgrade Concerns Margin Pressure Dividend Increased Yield Income — Update,https://example.com/article/144,news@reuters.com,2023-01-22 03:26:00 UTC-4,GOOGL
Dividend Increased Yield Income Sec Filing Insider Buying Downgrade Concerns Margin Pressure — Update,https://example.com/article/145,news@reuters.com,2023-01-22 05:27:00 UTC-4,MSFT
Revenue Growth Cloud Strong Price Target Raised Analyst Bullish Fda Approval Pipeline Stock Jumps Merger Talks Speculation Volatile — Update,https://example.com/article/146,editor@marketwatch.com,2023-01-22 10:37:00 UTC-4,GOOGL
Price Target Raised Analyst Bullish Fda Approval Pipeline Stock Jumps Revenue Growth Cloud Strong Earnings Beat Estimates Shares Rise — Update,https://example.com/article/147,Bloomberg,2023-01-22 04:34:00 UTC-4,AAPL
Fda Approval Pipeline Stock Jumps Earnings Beat Estimates Shares Rise Merger Talks Speculation Volatile — Update,https://example.com/article/148,news@reuters.com,2023-01-21 22:19:00 UTC-4,GOOGL
Sec Filing Insider Buying Downgrade Concerns Margin Pressure Fda Approval Pipeline Stock Jumps Dividend Increased Yield Income — Update,https://example.com/article/149,news@reuters.com,2023-01-21 23:11:00 UTC-4,GOOGL
Downgrade Concerns Margin Pressure Revenue Growth Cloud Strong Fda Approval Pipeline Stock Jumps — Update,https://example.com/article/150,alerts@thefly.com,2023-01-21 23:28:00 UTC-4,GOOGL
Merger Talks Speculation Volatile Downgrade Concerns Margin Pressure Revenue Growth Cloud Strong — Update,https://example.com/article/151,Bloomberg,2023-01-22 02:05:00 UTC-4,AAPL
Merger Talks Speculation Volatile Fda Approval Pipeline Stock Jumps Revenue Growth Cloud Strong — Update,https://example.com/article/152,tips@benzinga.com,2023-01-23 00:08:00 UTC-4,AAPL
Downgrade Concerns Margin Pressure Revenue Growth Cloud Strong Earnings Beat Estimates Shares Rise Merger Talks Speculation Volatile — Update,https://example.com/article/153,Bloomberg,2023-01-23 11:36:00 UTC-4,AAPL
Merger Talks Speculation Volatile Revenue Growth Cloud Strong Fda Approval Pipeline Stock Jumps Downgrade Concerns Margin Pressure Dividend Increased Yield Income — Update,https://example.com/article/154,news@reuters.com,2023-01-23 03:25:00 UTC-4,AAPL
Revenue Growth Cloud Strong Fda Approval Pipeline Stock Jumps Dividend Increased Yield Income Downgrade Concerns Margin Pressure — Update,https://example.com/article/155,Bloomberg,2023-01-22 22:06:00 UTC-4,MSFT
Merger Talks Speculation Volatile Price Target Raised Analyst Bullish Earnings Beat Estimates Shares Rise — Update,https://example.com/article/156,Reuters,2023-01-23 01:06:00 UTC-4,GOOGL
Dividend Increased Yield Income Revenue Growth Cloud Strong Price Target Raised Analyst Bullish Earnings Beat Estimates Shares Rise Sec Filing Insider Buying — Update,https://example.com/article/157,Bloomberg,2023-01-22 22:13:00 UTC-4,MSFT
Fda Approval Pipeline Stock Jumps Dividend Increased Yield Income Sec Filing Insider Buying Earnings Beat Estimates Shares Rise Merger Talks Speculation Volatile — Update,https://example.com/article/158,tips@benzinga.com,2023-01-23 02:11:00 UTC-4,AAPL
Revenue Growth Cloud Strong Sec Filing Insider Buying Earnings Beat Estimates Shares Rise — Update,https://example.com/article/159,tips@benzinga.com,2023-01-22 23:19:00 UTC-4,GOOGL
Fda Approval Pipeline Stock Jumps Merger Talks Speculation Volatile Downgrade Concerns Margin Pressure — Update,https://example.com/article/160,alerts@thefly.com,2023-01-24 06:19:00 UTC-4,AAPL
Earnings Beat Estimates Shares Rise Revenue Growth Cloud Strong Sec Filing Insider Buying Price Target Raised Analyst Bullish — Update,https://example.com/article/161,news@reuters.com,2023-01-24 02:21:00 UTC-4,GOOGL
Price Target Raised Analyst Bullish Revenue Growth Cloud Strong Sec Filing Insider Buying Earnings Beat Estimates Shares Rise Merger Talks Speculation Volatile — Update,https://example.com/article/162,alerts@thefly.com,2023-01-23 22:22:00 UTC-4,AAPL
Fda Approval Pipeline Stock Jumps Downgrade Concerns Margin Pressure Sec Filing Insider Buying — Update,https://example.com/article/163,alerts@thefly.com,2023-01-24 00:54:00 UTC-4,AAPL
Revenue Growth Cloud Strong Merger Talks Speculation Volatile Dividend Increased Yield Income — Update,https://example.com/article/164,Bloomberg,2023-01-23 23:50:00 UTC-4,MSFT
Revenue Growth Cloud Strong Earnings Beat Estimates Shares Rise Fda Approval Pipeline Stock Jumps Sec Filing Insider Buying Price Target Raised Analyst Bullish — Update,https://example.com/article/165,Bloomberg,2023-01-23 22:49:00 UTC-4,GOOGL
Revenue Growth Cloud Strong Earnings Beat Estimates Shares Rise Downgrade Concerns Margin Pressure Dividend Increased Yield Income Price Target Raised Analyst Bullish — Update,https://example.com/article/166,Reuters,2023-01-24 06:38:00 UTC-4,AAPL
Dividend Increased Yield Income Price Target Raised Analyst Bullish Revenue Growth Cloud Strong Earnings Beat Estimates Shares Rise Fda Approval Pipeline Stock Jumps — Update,https://example.com/article/167,tips@benzinga.com,2023-01-24 11:16:00 UTC-4,MSFT
Dividend Increased Yield Income Revenue Growth Cloud Strong Price Target Raised Analyst Bullish Fda Approval Pipeline Stock Jumps — Update,https://example.com/article/168,Bloomberg,2023-01-25 01:09:00 UTC-4,MSFT
Fda Approval Pipeline Stock Jumps Downgrade Concerns Margin Pressure Revenue Growth Cloud Strong Merger Talks Speculation Volatile — Update,https://example.com/article/169,editor@marketwatch.com,2023-01-25 04:04:00 UTC-4,MSFT
Price Target Raised Analyst Bullish Dividend Increased Yield Income Revenue Growth Cloud Strong Sec Filing Insider Buying Merger Talks Speculation Volatile — Update,https://example.com/article/170,news@reuters.com,2023-01-25 10:35:00 UTC-4,GOOGL
Revenue Growth Cloud Strong Merger Talks Speculation Volatile Dividend Increased Yield Income Fda Approval Pipeline Stock Jumps — Update,https://example.com/article/171,tips@benzinga.com,2023-01-25 04:10:00 UTC-4,GOOGL
Sec Filing Insider Buying Revenue Growth Cloud Strong Fda Approval Pipeline Stock Jumps Merger Talks Speculation Volatile — Update,https://example.com/article/172,Reuters,2023-01-25 03:08:00 UTC-4,GOOGL
Earnings Beat Estimates Shares Rise Price Target Raised Analyst Bullish Sec Filing Insider Buying Fda Approval Pipeline Stock Jumps — Update,https://example.com/article/173,editor@marketwatch.com,2023-01-25 01:41:00 UTC-4,MSFT
Sec Filing Insider Buying Earnings Beat Estimates Shares Rise Fda Approval Pipeline Stock Jumps — Update,https://example.com/article/174,alerts@thefly.com,2023-01-25 04:43:00 UTC-4,AAPL
Price Target Raised Analyst Bullish Earnings Beat Estimates Shares Rise Dividend Increased Yield Income Merger Talks Speculation Volatile Revenue Growth Cloud Strong — Update,https://example.com/article/175,Bloomberg,2023-01-25 06:56:00 UTC-4,AAPL
Downgrade Concerns Margin Pressure Merger Talks Speculation Volatile Sec Filing Insider Buying Revenue Growth Cloud Strong Price Target Raised Analyst Bullish — Update,https://example.com/article/176,Reuters,2023-01-26 00:16:00 UTC-4,AAPL
Downgrade Concerns Margin Pressure Earnings Beat Estimates Shares Rise Fda Approval Pipeline Stock Jumps — Update,https://example.com/article/177,tips@benzinga.com,2023-01-26 04:44:00 UTC-4,MSFT
Earnings Beat Estimates Shares Rise Downgrade Concerns Margin Pressure Fda Approval Pipeline Stock Jumps Dividend Increased Yield Income — Update,https://example.com/article/178,Reuters,2023-01-26 01:26:00 UTC-4,MSFT
Downgrade Concerns Margin Pressure Dividend Increased Yield Income Merger Talks Speculation Volatile Price Target Raised Analyst Bullish Sec Filing Insider Buying — Update,https://example.com/article/179,Bloomberg,2023-01-26 02:10:00 UTC-4,MSFT
Merger Talks Speculation Volatile Dividend Increased Yield Income Sec Filing Insider Buying Fda Approval Pipeline Stock Jumps — Update,https://example.com/article/180,tips@benzinga.com,2023-01-26 01:48:00 UTC-4,GOOGL
Downgrade Concerns Margin Pressure Merger Talks Speculation Volatile Earnings Beat Estimates Shares Rise — Update,https://example.com/article/181,Reuters,2023-01-26 05:59:00 UTC-4,AAPL
Downgrade Concerns Margin Pressure Price Target Raised Analyst Bullish Dividend Increased Yield Income Sec Filing Insider Buying — Update,https://example.com/article/182,alerts@thefly.com,2023-01-25 23:36:00 UTC-4,GOOGL
Price Target Raised Analyst Bullish Dividend Increased Yield Income Downgrade Concerns Margin Pressure — Update,https://example.com/article/183,Reuters,2023-01-25 23:39:00 UTC-4,AAPL
Dividend Increased Yield Income Price Target Raised Analyst Bullish Revenue Growth Cloud Strong — Update,https://example.com/article/184,Reuters,2023-01-27 01:27:00 UTC-4,AAPL
Price Target Raised Analyst Bullish Sec Filing Insider Buying Revenue Growth Cloud Strong Merger Talks Speculation Volatile — Update,https://example.com/article/185,editor@marketwatch.com,2023-01-26 22:06:00 UTC-4,MSFT
Merger Talks Speculation Volatile Dividend Increased Yield Income Earnings Beat Estimates Shares Rise — Update,https://example.com/article/186,Bloomberg,2023-01-27 04:52:00 UTC-4,MSFT
Downgrade Concerns Margin Pressure Price Target Raised Analyst Bullish Sec Filing Insider Buying Merger Talks Speculation Volatile — Update,https://example.com/article/187,tips@benzinga.com,2023-01-27 06:14:00 UTC-4,MSFT
Fda Approval Pipeline Stock Jumps Price Target Raised Analyst Bullish Revenue Growth Cloud Strong Downgrade Concerns Margin Pressure — Update,https://example.com/article/188,editor@marketwatch.com,2023-01-26 23:09:00 UTC-4,MSFT
Downgrade Concerns Margin Pressure Earnings Beat Estimates Shares Rise Revenue Growth Cloud Strong — Update,https://example.com/article/189,Bloomberg,2023-01-27 11:01:00 UTC-4,AAPL
Price Target Raised Analyst Bullish Downgrade Concerns Margin Pressure Fda Approval Pipeline Stock Jumps — Update,https://example.com/article/190,tips@benzinga.com,2023-01-27 11:19:00 UTC-4,AAPL
Merger Talks Speculation Volatile Sec Filing Insider Buying Revenue Growth Cloud Strong — Update,https://example.com/article/191,editor@marketwatch.com,2023-01-27 05:45:00 UTC-4,MSFT
Dividend Increased Yield Income Sec Filing Insider Buying Merger Talks Speculation Volatile — Update,https://example.com/article/192,tips@benzinga.com,2023-01-28 01:23:00 UTC-4,GOOGL
Earnings Beat Estimates Shares Rise Dividend Increased Yield Income Fda Approval Pipeline Stock Jumps Merger Talks Speculation Volatile — Update,https://example.com/article/193,news@reuters.com,2023-01-28 10:16:00 UTC-4,AAPL
Earnings Beat Estimates Shares Rise Sec Filing Insider Buying Downgrade Concerns Margin Pressure — Update,https://example.com/article/194,news@reuters.com,2023-01-27 21:30:00 UTC-4,AAPL
Dividend Increased Yield Income Price Target Raised Analyst Bullish Revenue Growth Cloud Strong Earnings Beat Estimates Shares Rise Downgrade Concerns Margin Pressure — Update,https://example.com/article/195,alerts@thefly.com,2023-01-27 21:20:00 UTC-4,AAPL
Earnings Beat Estimates Shares Rise Downgrade Concerns Margin Pressure Fda Approval Pipeline Stock Jumps — Update,https://example.com/article/196,Reuters,2023-01-28 03:27:00 UTC-4,MSFT
Sec Filing Insider Buying Downgrade Concerns Margin Pressure Revenue Growth Cloud Strong — Update,https://example.com/article/197,Reuters,2023-01-28 00:19:00 UTC-4,MSFT
Downgrade Concerns Margin Pressure Revenue Growth Cloud Strong Dividend Increased Yield Income Price Target Raised Analyst Bullish — Update,https://example.com/article/198,tips@benzinga.com,2023-01-28 01:24:00 UTC-4,AAPL
Merger Talks Speculation Volatile Earnings Beat Estimates Shares Rise Downgrade Concerns Margin Pressure — Update,https://example.com/article/199,tips@benzinga.com,2023-01-27 23:09:00 UTC-4,MSFT
Downgrade Concerns Margin Pressure Sec Filing Insider Buying Fda Approval Pipeline Stock Jumps — Update,https://example.com/article/200,alerts@thefly.com,2023-01-28 22:59:00 UTC-4,GOOGL
Downgrade Concerns Margin Pressure Earnings Beat Estimates Shares Rise Revenue Growth Cloud Strong Price Target Raised Analyst Bullish — Update,https://example.com/article/201,Bloomberg,2023-01-29 11:57:00 UTC-4,GOOGL
Dividend Increased Yield Income Sec Filing Insider Buying Price Target Raised Analyst Bullish Fda Approval Pipeline Stock Jumps Merger Talks Speculation Volatile — Update,https://example.com/article/202,alerts@thefly.com,2023-01-29 05:00:00 UTC-4,AAPL
Fda Approval Pipeline Stock Jumps Dividend Increased Yield Income Price Target Raised Analyst Bullish Revenue Growth Cloud Strong — Update,https://example.com/article/203,editor@marketwatch.com,2023-01-29 04:22:00 UTC-4,GOOGL
Price Target Raised Analyst Bullish Sec Filing Insider Buying Earnings Beat Estimates Shares Rise Fda Approval Pipeline Stock Jumps Downgrade Concerns Margin Pressure — Update,https://example.com/article/204,editor@marketwatch.com,2023-01-29 03:09:00 UTC-4,MSFT
Price Target Raised Analyst Bullish Merger Talks Speculation Volatile Revenue Growth Cloud Strong — Update,https://example.com/article/205,news@reuters.com,2023-01-28 21:21:00 UTC-4,GOOGL
Fda Approval Pipeline Stock Jumps Dividend Increased Yield Income Downgrade Concerns Margin Pressure — Update,https://example.com/article/206,Bloomberg,2023-01-28 23:50:00 UTC-4,GOOGL
Dividend Increased Yield Income Revenue Growth Cloud Strong Fda Approval Pipeline Stock Jumps Price Target Raised Analyst Bullish — Update,https://example.com/article/207,tips@benzinga.com,2023-01-28 21:20:00 UTC-4,MSFT
Downgrade Concerns Margin Pressure Price Target Raised Analyst Bullish Fda Approval Pipeline Stock Jumps — Update,https://example.com/article/208,tips@benzinga.com,2023-01-29 22:24:00 UTC-4,GOOGL
Earnings Beat Estimates Shares Rise Price Target Raised Analyst Bullish Merger Talks Speculation Volatile Dividend Increased Yield Income — Update,https://example.com/article/209,tips@benzinga.com,2023-01-30 10:10:00 UTC-4,MSFT
Earnings Beat Estimates Shares Rise Dividend Increased Yield Income Revenue Growth Cloud Strong Downgrade Concerns Margin Pressure Merger Talks Speculation Volatile — Update,https://example.com/article/210,tips@benzinga.com,2023-01-30 04:25:00 UTC-4,GOOGL
Revenue Growth Cloud Strong Sec Filing Insider Buying Dividend Increased Yield Income — Update,https://example.com/article/211,news@reuters.com,2023-01-30 04:24:00 UTC-4,MSFT
Earnings Beat Estimates Shares Rise Fda Approval Pipeline Stock Jumps Revenue Growth Cloud Strong Price Target Raised Analyst Bullish — Update,https://example.com/article/212,Bloomberg,2023-01-30 03:08:00 UTC-4,GOOGL
Downgrade Concerns Margin Pressure Fda Approval Pipeline Stock Jumps Earnings Beat Estimates Shares Rise Merger Talks Speculation Volatile Dividend Increased Yield Income — Update,https://example.com/article/213,Reuters,2023-01-30 03:54:00 UTC-4,AAPL
Revenue Growth Cloud Strong Sec Filing Insider Buying Earnings Beat Estimates Shares Rise Fda Approval Pipeline Stock Jumps Merger Talks Speculation Volatile — Update,https://example.com/article/214,editor@marketwatch.com,2023-01-30 01:48:00 UTC-4,GOOGL
Price Target Raised Analyst Bullish Downgrade Concerns Margin Pressure Fda Approval Pipeline Stock Jumps Merger Talks Speculation Volatile — Update,https://example.com/article/215,alerts@thefly.com,2023-01-30 10:01:00 UTC-4,GOOGL
Sec Filing Insider Buying Price Target Raised Analyst Bullish Downgrade Concerns Margin Pressure Dividend Increased Yield Income Revenue Growth Cloud Strong — Update,https://example.com/article/216,Bloomberg,2023-01-31 11:48:00 UTC-4,MSFT
Fda Approval Pipeline Stock Jumps Price Target Raised Analyst Bullish Earnings Beat Estimates Shares Rise Dividend Increased Yield Income — Update,https://example.com/article/217,alerts@thefly.com,2023-01-31 04:21:00 UTC-4,AAPL
Dividend Increased Yield Income Price Target Raised Analyst Bullish Merger Talks Speculation Volatile Revenue Growth Cloud Strong Sec Filing Insider Buying — Update,https://example.com/article/218,Reuters,2023-01-30 22:30:00 UTC-4,AAPL
Earnings Beat Estimates Shares Rise Downgrade Concerns Margin Pressure Dividend Increased Yield Income — Update,https://example.com/article/219,Bloomberg,2023-01-31 06:58:00 UTC-4,MSFT
Sec Filing Insider Buying Dividend Increased Yield Income Merger Talks Speculation Volatile — Update,https://example.com/article/220,editor@marketwatch.com,2023-01-31 11:50:00 UTC-4,MSFT
Earnings Beat Estimates Shares Rise Dividend Increased Yield Income Revenue Growth Cloud Strong Sec Filing Insider Buying Fda Approval Pipeline Stock Jumps — Update,https://example.com/article/221,Reuters,2023-01-30 21:56:00 UTC-4,MSFT
Dividend Increased Yield Income Downgrade Concerns Margin Pressure Fda Approval Pipeline Stock Jumps Revenue Growth Cloud Strong — Update,https://example.com/article/222,news@reuters.com,2023-01-31 02:27:00 UTC-4,AAPL
Price Target Raised Analyst Bullish Downgrade Concerns Margin Pressure Earnings Beat Estimates Shares Rise Merger Talks Speculation Volatile Fda Approval Pipeline Stock Jumps — Update,https://example.com/article/223,tips@benzinga.com,2023-01-31 03:03:00 UTC-4,GOOGL
Sec Filing Insider Buying Revenue Growth Cloud Strong Earnings Beat Estimates Shares Rise Merger Talks Speculation Volatile Downgrade Concerns Margin Pressure — Update,https://example.com/article/224,Bloomberg,2023-02-01 11:47:00 UTC-4,AAPL
Downgrade Concerns Margin Pressure Merger Talks Speculation Volatile Revenue Growth Cloud Strong — Update,https://example.com/article/225,editor@marketwatch.com,2023-02-01 06:30:00 UTC-4,MSFT
Fda Approval Pipeline Stock Jumps Earnings Beat Estimates Shares Rise Revenue Growth Cloud Strong — Update,https://example.com/article/226,editor@marketwatch.com,2023-02-01 02:56:00 UTC-4,GOOGL
Earnings Beat Estimates Shares Rise Price Target Raised Analyst Bullish Downgrade Concerns Margin Pressure Dividend Increased Yield Income Revenue Growth Cloud Strong — Update,https://example.com/article/227,tips@benzinga.com,2023-02-01 10:04:00 UTC-4,AAPL
Earnings Beat Estimates Shares Rise Sec Filing Insider Buying Downgrade Concerns Margin Pressure Fda Approval Pipeline Stock Jumps — Update,https://example.com/article/228,news@reuters.com,2023-02-01 05:34:00 UTC-4,MSFT
Merger Talks Speculation Volatile Price Target Raised Analyst Bullish Earnings Beat Estimates Shares Rise Fda Approval Pipeline Stock Jumps Dividend Increased Yield Income — Update,https://example.com/article/229,alerts@thefly.com,2023-02-01 02:57:00 UTC-4,MSFT
Fda Approval Pipeline Stock Jumps Revenue Growth Cloud Strong Merger Talks Speculation Volatile — Update,https://example.com/article/230,editor@marketwatch.com,2023-02-01 11:11:00 UTC-4,MSFT
Dividend Increased Yield Income Downgrade Concerns Margin Pressure Earnings Beat Estimates Shares Rise Fda Approval Pipeline Stock Jumps Price Target Raised Analyst Bullish — Update,https://example.com/article/231,Bloomberg,2023-02-01 04:59:00 UTC-4,MSFT
Earnings Beat Estimates Shares Rise Merger Talks Speculation Volatile Revenue Growth Cloud Strong Price Target Raised Analyst Bullish — Update,https://example.com/article/232,Bloomberg,2023-02-02 11:28:00 UTC-4,MSFT
Merger Talks Speculation Volatile Revenue Growth Cloud Strong Earnings Beat Estimates Shares Rise Price Target Raised Analyst Bullish Downgrade Concerns Margin Pressure — Update,https://example.com/article/233,Bloomberg,2023-02-01 21:18:00 UTC-4,MSFT
Dividend Increased Yield Income Downgrade Concerns Margin Pressure Sec Filing Insider Buying Fda Approval Pipeline Stock Jumps Revenue Growth Cloud Strong — Update,https://example.com/article/234,Bloomberg,2023-02-02 03:04:00 UTC-4,GOOGL
Revenue Growth Cloud Strong Dividend Increased Yield Income Sec Filing Insider Buying Price Target Raised Analyst Bullish — Update,https://example.com/article/235,tips@benzinga.com,2023-02-02 00:47:00 UTC-4,AAPL
Dividend Increased Yield Income Sec Filing Insider Buying Merger Talks Speculation Volatile — Update,https://example.com/article/236,Reuters,2023-02-02 05:32:00 UTC-4,AAPL
Downgrade Concerns Margin Pressure Fda Approval Pipeline Stock Jumps Merger Talks Speculation Volatile — Update,https://example.com/article/237,Reuters,2023-02-01 22:55:00 UTC-4,MSFT
Sec Filing Insider Buying Dividend Increased Yield Income Price Target Raised Analyst Bullish Downgrade Concerns Margin Pressure Fda Approval Pipeline Stock Jumps — Update,https://example.com/article/238,Reuters,2023-02-02 11:26:00 UTC-4,AAPL
Downgrade Concerns Margin Pressure Merger Talks Speculation Volatile Sec Filing Insider Buying Price Target Raised Analyst Bullish — Update,https://example.com/article/239,news@reuters.com,2023-02-01 22:43:00 UTC-4,AAPL
Earnings Beat Estimates Shares Rise Sec Filing Insider Buying Revenue Growth Cloud Strong Dividend Increased Yield Income Price Target Raised Analyst Bullish — Update,https://example.com/article/240,news@reuters.com,2023-02-02 21:18:00 UTC-4,AAPL
Fda Approval Pipeline Stock Jumps Price Target Raised Analyst Bullish Revenue Growth Cloud Strong Earnings Beat Estimates Shares Rise — Update,https://example.com/article/241,tips@benzinga.com,2023-02-03 11:02:00 UTC-4,GOOGL
Merger Talks Speculation Volatile Downgrade Concerns Margin Pressure Dividend Increased Yield Income — Update,https://example.com/article/242,Bloomberg,2023-02-03 03:21:00 UTC-4,AAPL
Price Target Raised Analyst Bullish Sec Filing Insider Buying Merger Talks Speculation Volatile Downgrade Concerns Margin Pressure — Update,https://example.com/article/243,alerts@thefly.com,2023-02-03 06:51:00 UTC-4,MSFT
Fda Approval Pipeline Stock Jumps Dividend Increased Yield Income Merger Talks Speculation Volatile Revenue Growth Cloud Strong — Update,https://example.com/article/244,editor@marketwatch.com,2023-02-02 23:24:00 UTC-4,MSFT
Price Target Raised Analyst Bullish Dividend Increased Yield Income Downgrade Concerns Margin Pressure — Update,https://example.com/article/245,tips@benzinga.com,2023-02-02 23:36:00 UTC-4,MSFT
Dividend Increased Yield Income Sec Filing Insider Buying Downgrade Concerns Margin Pressure Earnings Beat Estimates Shares Rise Price Target Raised Analyst Bullish — Update,https://example.com/article/246,Reuters,2023-02-02 23:46:00 UTC-4,GOOGL
Earnings Beat Estimates Shares Rise Price Target Raised Analyst Bullish Downgrade Concerns Margin Pressure Merger Talks Speculation Volatile Dividend Increased Yield Income — Update,https://example.com/article/247,alerts@thefly.com,2023-02-03 03:01:00 UTC-4,MSFT
Revenue Growth Cloud Strong Price Target Raised Analyst Bullish Dividend Increased Yield Income — Update,https://example.com/article/248,alerts@thefly.com,2023-02-03 21:44:00 UTC-4,GOOGL
Dividend Increased Yield Income Price Target Raised Analyst Bullish Downgrade Concerns Margin Pressure Merger Talks Speculation Volatile — Update,https://example.com/article/249,editor@marketwatch.com,2023-02-04 11:01:00 UTC-4,MSFT
Fda Approval Pipeline Stock Jumps Revenue Growth Cloud Strong Price Target Raised Analyst Bullish Downgrade Concerns Margin Pressure Sec Filing Insider Buying — Update,https://example.com/article/250,Reuters,2023-02-04 04:44:00 UTC-4,GOOGL
Downgrade Concerns Margin Pressure Fda Approval Pipeline Stock Jumps Merger Talks Speculation Volatile Revenue Growth Cloud Strong Sec Filing Insider Buying — Update,https://example.com/article/251,Reuters,2023-02-04 04:46:00 UTC-4,MSFT
Dividend Increased Yield Income Fda Approval Pipeline Stock Jumps Downgrade Concerns Margin Pressure Price Target Raised Analyst Bullish — Update,https://example.com/article/252,editor@marketwatch.com,2023-02-04 05:29:00 UTC-4,AAPL
Fda Approval Pipeline Stock Jumps Dividend Increased Yield Income Sec Filing Insider Buying — Update,https://example.com/article/253,Reuters,2023-02-04 04:06:00 UTC-4,MSFT
Revenue Growth Cloud Strong Fda Approval Pipeline Stock Jumps Price Target Raised Analyst Bullish — Update,https://example.com/article/254,news@reuters.com,2023-02-04 11:48:00 UTC-4,AAPL
Dividend Increased Yield Income Merger Talks Speculation Volatile Price Target Raised Analyst Bullish — Update,https://example.com/article/255,Reuters,2023-02-04 10:43:00 UTC-4,AAPL
Downgrade Concerns Margin Pressure Dividend Increased Yield Income Fda Approval Pipeline Stock Jumps Price Target Raised Analyst Bullish — Update,https://example.com/article/256,news@reuters.com,2023-02-05 02:48:00 UTC-4,GOOGL
Merger Talks Speculation Volatile Price Target Raised Analyst Bullish Fda Approval Pipeline Stock Jumps Dividend Increased Yield Income — Update,https://example.com/article/257,news@reuters.com,2023-02-05 05:08:00 UTC-4,GOOGL
Fda Approval Pipeline Stock Jumps Revenue Growth Cloud Strong Price Target Raised Analyst Bullish — Update,https://example.com/article/258,Reuters,2023-02-05 02:26:00 UTC-4,AAPL
Dividend Increased Yield Income Fda Approval Pipeline Stock Jumps Price Target Raised Analyst Bullish Merger Talks Speculation Volatile Earnings Beat Estimates Shares Rise — Update,https://example.com/article/259,editor@marketwatch.com,2023-02-05 02:20:00 UTC-4,AAPL
Dividend Increased Yield Income Sec Filing Insider Buying Merger Talks Speculation Volatile Downgrade Concerns Margin Pressure Price Target Raised Analyst Bullish — Update,https://example.com/article/260,tips@benzinga.com,2023-02-05 02:42:00 UTC-4,AAPL
Merger Talks Speculation Volatile Fda Approval Pipeline Stock Jumps Sec Filing Insider Buying Downgrade Concerns Margin Pressure — Update,https://example.com/article/261,Bloomberg,2023-02-05 04:01:00 UTC-4,MSFT
Revenue Growth Cloud Strong Earnings Beat Estimates Shares Rise Merger Talks Speculation Volatile Downgrade Concerns Margin Pressure Dividend Increased Yield Income — Update,https://example.com/article/262,editor@marketwatch.com,2023-02-05 06:21:00 UTC-4,MSFT
Earnings Beat Estimates Shares Rise Dividend Increased Yield Income Revenue Growth Cloud Strong Merger Talks Speculation Volatile — Update,https://example.com/article/263,alerts@thefly.com,2023-02-05 03:45:00 UTC-4,MSFT
Price Target Raised Analyst Bullish Fda Approval Pipeline Stock Jumps Dividend Increased Yield Income Earnings Beat Estimates Shares Rise Downgrade Concerns Margin Pressure — Update,https://example.com/article/264,Bloomberg,2023-02-06 10:46:00 UTC-4,AAPL
Merger Talks Speculation Volatile Downgrade Concerns Margin Pressure Price Target Raised Analyst Bullish Dividend Increased Yield Income — Update,https://example.com/article/265,Bloomberg,2023-02-06 04:37:00 UTC-4,GOOGL
Fda Approval Pipeline Stock Jumps Dividend Increased Yield Income Merger Talks Speculation Volatile Earnings Beat Estimates Shares Rise — Update,https://example.com/article/266,news@reuters.com,2023-02-05 23:44:00 UTC-4,AAPL
Merger Talks Speculation Volatile Sec Filing Insider Buying Fda Approval Pipeline Stock Jumps — Update,https://example.com/article/267,tips@benzinga.com,2023-02-05 23:44:00 UTC-4,GOOGL
Price Target Raised Analyst Bullish Downgrade Concerns Margin Pressure Revenue Growth Cloud Strong Sec Filing Insider Buying Fda Approval Pipeline Stock Jumps — Update,https://example.com/article/268,Reuters,2023-02-05 22:17:00 UTC-4,GOOGL
Price Target Raised Analyst Bullish Sec Filing Insider Buying Revenue Growth Cloud Strong Downgrade Concerns Margin Pressure Merger Talks Speculation Volatile — Update,https://example.com/article/269,editor@marketwatch.com,2023-02-06 02:59:00 UTC-4,AAPL
Dividend Increased Yield Income Sec Filing Insider Buying Revenue Growth Cloud Strong Fda Approval Pipeline Stock Jumps — Update,https://example.com/article/270,news@reuters.com,2023-02-05 23:40:00 UTC-4,GOOGL
Sec Filing Insider Buying Fda Approval Pipeline Stock Jumps Dividend Increased Yield Income Merger Talks Speculation Volatile Earnings Beat Estimates Shares Rise — Update,https://example.com/article/271,Reuters,2023-02-06 03:43:00 UTC-4,GOOGL
Fda Approval Pipeline Stock Jumps Merger Talks Speculation Volatile Revenue Growth Cloud Strong Sec Filing Insider Buying — Update,https://example.com/article/272,editor@marketwatch.com,2023-02-06 23:33:00 UTC-4,AAPL
Earnings Beat Estimates Shares Rise Price Target Raised Analyst Bullish Sec Filing Insider Buying Fda Approval Pipeline Stock Jumps — Update,https://example.com/article/273,editor@marketwatch.com,2023-02-07 11:09:00 UTC-4,AAPL
Price Target Raised Analyst Bullish Revenue Growth Cloud Strong Earnings Beat Estimates Shares Rise Fda Approval Pipeline Stock Jumps — Update,https://example.com/article/274,news@reuters.com,2023-02-07 06:58:00 UTC-4,AAPL
Sec Filing Insider Buying Dividend Increased Yield Income Downgrade Concerns Margin Pressure — Update,https://example.com/article/275,Reuters,2023-02-07 00:11:00 UTC-4,AAPL
Revenue Growth Cloud Strong Earnings Beat Estimates Shares Rise Sec Filing Insider Buying — Update,https://example.com/article/276,tips@benzinga.com,2023-02-07 00:07:00 UTC-4,MSFT
Revenue Growth Cloud Strong Dividend Increased Yield Income Earnings Beat Estimates Shares Rise Price Target Raised Analyst Bullish — Update,https://example.com/article/277,Bloomberg,2023-02-06 23:24:00 UTC-4,GOOGL
Downgrade Concerns Margin Pressure Dividend Increased Yield Income Merger Talks Speculation Volatile Price Target Raised Analyst Bullish — Update,https://example.com/article/278,tips@benzinga.com,2023-02-07 06:09:00 UTC-4,MSFT
Merger Talks Speculation Volatile Price Target Raised Analyst Bullish Earnings Beat Estimates Shares Rise Revenue Growth Cloud Strong — Update,https://example.com/article/279,Bloomberg,2023-02-06 21:51:00 UTC-4,MSFT
Downgrade Concerns Margin Pressure Sec Filing Insider Buying Merger Talks Speculation Volatile — Update,https://example.com/article/280,Bloomberg,2023-02-08 06:09:00 UTC-4,AAPL
Dividend Increased Yield Income Merger Talks Speculation Volatile Price Target Raised Analyst Bullish — Update,https://example.com/article/281,Reuters,2023-02-08 03:59:00 UTC-4,AAPL
Downgrade Concerns Margin Pressure Revenue Growth Cloud Strong Merger Talks Speculation Volatile — Update,https://example.com/article/282,tips@benzinga.com,2023-02-07 22:59:00 UTC-4,MSFT
Dividend Increased Yield Income Revenue Growth Cloud Strong Downgrade Concerns Margin Pressure Price Target Raised Analyst Bullish Merger Talks Speculation Volatile — Update,https://example.com/article/283,Reuters,2023-02-08 01:49:00 UTC-4,GOOGL
Dividend Increased Yield Income Earnings Beat Estimates Shares Rise Merger Talks Speculation Volatile Sec Filing Insider Buying — Update,https://example.com/article/284,Reuters,2023-02-07 23:20:00 UTC-4,GOOGL
Sec Filing Insider Buying Price Target Raised Analyst Bullish Earnings Beat Estimates Shares Rise Fda Approval Pipeline Stock Jumps — Update,https://example.com/article/285,alerts@thefly.com,2023-02-08 01:21:00 UTC-4,MSFT
Downgrade Concerns Margin Pressure Fda Approval Pipeline Stock Jumps Dividend Increased Yield Income Merger Talks Speculation Volatile — Update,https://example.com/article/286,tips@benzinga.com,2023-02-08 10:05:00 UTC-4,MSFT
Merger Talks Speculation Volatile Price Target Raised Analyst Bullish Fda Approval Pipeline Stock Jumps — Update,https://example.com/article/287,Reuters,2023-02-08 00:14:00 UTC-4,GOOGL
Fda Approval Pipeline Stock Jumps Price Target Raised Analyst Bullish Dividend Increased Yield Income Merger Talks Speculation Volatile — Update,https://example.com/article/288,news@reuters.com,2023-02-09 06:56:00 UTC-4,GOOGL
Merger Talks Speculation Volatile Downgrade Concerns Margin Pressure Revenue Growth Cloud Strong Dividend Increased Yield Income Earnings Beat Estimates Shares Rise — Update,https://example.com/article/289,editor@marketwatch.com,2023-02-08 21:27:00 UTC-4,MSFT
Price Target Raised Analyst Bullish Dividend Increased Yield Income Merger Talks Speculation Volatile Revenue Growth Cloud Strong — Update,https://example.com/article/290,tips@benzinga.com,2023-02-09 05:32:00 UTC-4,MSFT
Earnings Beat Estimates Shares Rise Price Target Raised Analyst Bullish Revenue Growth Cloud Strong Fda Approval Pipeline Stock Jumps Downgrade Concerns Margin Pressure — Update,https://example.com/article/291,Reuters,2023-02-09 03:24:00 UTC-4,MSFT
Earnings Beat Estimates Shares Rise Sec Filing Insider Buying Downgrade Concerns Margin Pressure Dividend Increased Yield Income Fda Approval Pipeline Stock Jumps — Update,https://example.com/article/292,Reuters,2023-02-09 04:22:00 UTC-4,AAPL
Sec Filing Insider Buying Merger Talks Speculation Volatile Fda Approval Pipeline Stock Jumps — Update,https://example.com/article/293,Reuters,2023-02-09 10:50:00 UTC-4,AAPL
Revenue Growth Cloud Strong Price Target Raised Analyst Bullish Dividend Increased Yield Income Downgrade Concerns Margin Pressure Merger Talks Speculation Volatile — Update,https://example.com/article/294,Bloomberg,2023-02-09 11:10:00 UTC-4,AAPL
Earnings Beat Estimates Shares Rise Revenue Growth Cloud Strong Dividend Increased Yield Income — Update,https://example.com/article/295,news@reuters.com,2023-02-08 22:22:00 UTC-4,AAPL
Merger Talks Speculation Volatile Dividend Increased Yield Income Earnings Beat Estimates Shares Rise — Update,https://example.com/article/296,alerts@thefly.com,2023-02-10 06:44:00 UTC-4,MSFT
Sec Filing Insider Buying Dividend Increased Yield Income Revenue Growth Cloud Strong Merger Talks Speculation Volatile Fda Approval Pipeline Stock Jumps — Update,https://example.com/article/297,alerts@thefly.com,2023-02-10 04:26:00 UTC-4,AAPL
Merger Talks Speculation Volatile Earnings Beat Estimates Shares Rise Price Target Raised Analyst Bullish Sec Filing Insider Buying — Update,https://example.com/article/298,tips@benzinga.com,2023-02-10 06:46:00 UTC-4,MSFT
Fda Approval Pipeline Stock Jumps Dividend Increased Yield Income Merger Talks Speculation Volatile Earnings Beat Estimates Shares Rise Price Target Raised Analyst Bullish — Update,https://example.com/article/299,Bloomberg,2023-02-10 05:38:00 UTC-4,GOOGL
Fda Approval Pipeline Stock Jumps Sec Filing Insider Buying Merger Talks Speculation Volatile Dividend Increased Yield Income Price Target Raised Analyst Bullish — Update,https://example.com/article/300,tips@benzinga.com,2023-02-10 10:06:00 UTC-4,MSFT
Merger Talks Speculation Volatile Dividend Increased Yield Income Sec Filing Insider Buying — Update,https://example.com/article/301,news@reuters.com,2023-02-10 04:55:00 UTC-4,AAPL
Downgrade Concerns Margin Pressure Fda Approval Pipeline Stock Jumps Earnings Beat Estimates Shares Rise — Update,https://example.com/article/302,editor@marketwatch.com,2023-02-09 21:45:00 UTC-4,MSFT
Merger Talks Speculation Volatile Revenue Growth Cloud Strong Dividend Increased Yield Income Downgrade Concerns Margin Pressure Earnings Beat Estimates Shares Rise — Update,https://example.com/article/303,Reuters,2023-02-10 02:49:00 UTC-4,AAPL
Downgrade Concerns Margin Pressure Merger Talks Speculation Volatile Revenue Growth Cloud Strong Fda Approval Pipeline Stock Jumps Sec Filing Insider Buying — Update,https://example.com/article/304,alerts@thefly.com,2023-02-11 02:04:00 UTC-4,MSFT
Price Target Raised Analyst Bullish Sec Filing Insider Buying Downgrade Concerns Margin Pressure Fda Approval Pipeline Stock Jumps Dividend Increased Yield Income — Update,https://example.com/article/305,alerts@thefly.com,2023-02-10 21:24:00 UTC-4,AAPL
Sec Filing Insider Buying Merger Talks Speculation Volatile Earnings Beat Estimates Shares Rise Price Target Raised Analyst Bullish — Update,https://example.com/article/306,tips@benzinga.com,2023-02-11 02:35:00 UTC-4,MSFT
Price Target Raised Analyst Bullish Revenue Growth Cloud Strong Downgrade Concerns Margin Pressure Sec Filing Insider Buying Earnings Beat Estimates Shares Rise — Update,https://example.com/article/307,Reuters,2023-02-11 06:32:00 UTC-4,MSFT
Price Target Raised Analyst Bullish Fda Approval Pipeline Stock Jumps Downgrade Concerns Margin Pressure Revenue Growth Cloud Strong — Update,https://example.com/article/308,tips@benzinga.com,2023-02-11 04:11:00 UTC-4,MSFT
Merger Talks Speculation Volatile Sec Filing Insider Buying Downgrade Concerns Margin Pressure — Update,https://example.com/article/309,alerts@thefly.com,2023-02-11 10:56:00 UTC-4,AAPL
Price Target Raised Analyst Bullish Merger Talks Speculation Volatile Dividend Increased Yield Income Sec Filing Insider Buying — Update,https://example.com/article/310,tips@benzinga.com,2023-02-10 23:43:00 UTC-4,GOOGL
Merger Talks Speculation Volatile Sec Filing Insider Buying Downgrade Concerns Margin Pressure Revenue Growth Cloud Strong — Update,https://example.com/article/311,alerts@thefly.com,2023-02-11 11:06:00 UTC-4,AAPL
Downgrade Concerns Margin Pressure Sec Filing Insider Buying Price Target Raised Analyst Bullish — Update,https://example.com/article/312,Reuters,2023-02-12 03:40:00 UTC-4,MSFT
Downgrade Concerns Margin Pressure Price Target Raised Analyst Bullish Earnings Beat Estimates Shares Rise Dividend Increased Yield Income — Update,https://example.com/article/313,Bloomberg,2023-02-12 11:55:00 UTC-4,MSFT
Fda Approval Pipeline Stock Jumps Downgrade Concerns Margin Pressure Dividend Increased Yield Income Sec Filing Insider Buying — Update,https://example.com/article/314,alerts@thefly.com,2023-02-12 03:10:00 UTC-4,AAPL
Revenue Growth Cloud Strong Dividend Increased Yield Income Earnings Beat Estimates Shares Rise Downgrade Concerns Margin Pressure — Update,https://example.com/article/315,news@reuters.com,2023-02-12 00:31:00 UTC-4,MSFT
Sec Filing Insider Buying Fda Approval Pipeline Stock Jumps Earnings Beat Estimates Shares Rise — Update,https://example.com/article/316,alerts@thefly.com,2023-02-12 06:59:00 UTC-4,AAPL
Dividend Increased Yield Income Merger Talks Speculation Volatile Sec Filing Insider Buying Earnings Beat Estimates Shares Rise Revenue Growth Cloud Strong — Update,https://example.com/article/317,tips@benzinga.com,2023-02-12 04:53:00 UTC-4,AAPL
Downgrade Concerns Margin Pressure Fda Approval Pipeline Stock Jumps Merger Talks Speculation Volatile — Update,https://example.com/article/318,alerts@thefly.com,2023-02-11 22:31:00 UTC-4,AAPL
Earnings Beat Estimates Shares Rise Price Target Raised Analyst Bullish Downgrade Concerns Margin Pressure — Update,https://example.com/article/319,Bloomberg,2023-02-12 06:37:00 UTC-4,MSFT
Dividend Increased Yield Income Merger Talks Speculation Volatile Sec Filing Insider Buying Downgrade Concerns Margin Pressure Earnings Beat Estimates Shares Rise — Update,https://example.com/article/320,news@reuters.com,2023-02-13 03:40:00 UTC-4,MSFT
Downgrade Concerns Margin Pressure Fda Approval Pipeline Stock Jumps Revenue Growth Cloud Strong Price Target Raised Analyst Bullish Dividend Increased Yield Income — Update,https://example.com/article/321,tips@benzinga.com,2023-02-13 02:33:00 UTC-4,GOOGL
Dividend Increased Yield Income Downgrade Concerns Margin Pressure Fda Approval Pipeline Stock Jumps — Update,https://example.com/article/322,news@reuters.com,2023-02-13 05:21:00 UTC-4,MSFT
Earnings Beat Estimates Shares Rise Merger Talks Speculation Volatile Revenue Growth Cloud Strong — Update,https://example.com/article/323,Reuters,2023-02-13 06:31:00 UTC-4,MSFT
Price Target Raised Analyst Bullish Earnings Beat Estimates Shares Rise Sec Filing Insider Buying — Update,https://example.com/article/324,tips@benzinga.com,2023-02-13 04:41:00 UTC-4,MSFT
Revenue Growth Cloud Strong Merger Talks Speculation Volatile Downgrade Concerns Margin Pressure — Update,https://example.com/article/325,tips@benzinga.com,2023-02-13 01:04:00 UTC-4,AAPL
Revenue Growth Cloud Strong Dividend Increased Yield Income Downgrade Concerns Margin Pressure — Update,https://example.com/article/326,news@reuters.com,2023-02-13 11:31:00 UTC-4,MSFT
Revenue Growth Cloud Strong Price Target Raised Analyst Bullish Dividend Increased Yield Income — Update,https://example.com/article/327,Bloomberg,2023-02-13 06:42:00 UTC-4,GOOGL
Merger Talks Speculation Volatile Downgrade Concerns Margin Pressure Sec Filing Insider Buying — Update,https://example.com/article/328,Bloomberg,2023-02-13 21:04:00 UTC-4,GOOGL
Dividend Increased Yield Income Merger Talks Speculation Volatile Downgrade Concerns Margin Pressure Earnings Beat Estimates Shares Rise — Update,https://example.com/article/329,news@reuters.com,2023-02-14 03:30:00 UTC-4,MSFT
Dividend Increased Yield Income Revenue Growth Cloud Strong Price Target Raised Analyst Bullish Sec Filing Insider Buying — Update,https://example.com/article/330,alerts@thefly.com,2023-02-14 02:43:00 UTC-4,MSFT
Downgrade Concerns Margin Pressure Fda Approval Pipeline Stock Jumps Dividend Increased Yield Income Revenue Growth Cloud Strong Price Target Raised Analyst Bullish — Update,https://example.com/article/331,tips@benzinga.com,2023-02-13 23:22:00 UTC-4,GOOGL
Downgrade Concerns Margin Pressure Sec Filing Insider Buying Revenue Growth Cloud Strong Fda Approval Pipeline Stock Jumps Earnings Beat Estimates Shares Rise — Update,https://example.com/article/332,Bloomberg,2023-02-14 01:11:00 UTC-4,MSFT
Revenue Growth Cloud Strong Sec Filing Insider Buying Earnings Beat Estimates Shares Rise Merger Talks Speculation Volatile — Update,https://example.com/article/333,news@reuters.com,2023-02-14 11:32:00 UTC-4,MSFT
Fda Approval Pipeline Stock Jumps Downgrade Concerns Margin Pressure Price Target Raised Analyst Bullish — Update,https://example.com/article/334,Reuters,2023-02-14 02:45:00 UTC-4,MSFT
Revenue Growth Cloud Strong Dividend Increased Yield Income Fda Approval Pipeline Stock Jumps — Update,https://example.com/article/335,Bloomberg,2023-02-14 03:19:00 UTC-4,GOOGL
Merger Talks Speculation Volatile Sec Filing Insider Buying Revenue Growth Cloud Strong Earnings Beat Estimates Shares Rise Price Target Raised Analyst Bullish — Update,https://example.com/article/336,Bloomberg,2023-02-14 22:21:00 UTC-4,AAPL
Fda Approval Pipeline Stock Jumps Downgrade Concerns Margin Pressure Merger Talks Speculation Volatile — Update,https://example.com/article/337,news@reuters.com,2023-02-15 00:27:00 UTC-4,MSFT
Dividend Increased Yield Income Revenue Growth Cloud Strong Price Target Raised Analyst Bullish Fda Approval Pipeline Stock Jumps Sec Filing Insider Buying — Update,https://example.com/article/338,news@reuters.com,2023-02-15 00:25:00 UTC-4,AAPL
Dividend Increased Yield Income Sec Filing Insider Buying Fda Approval Pipeline Stock Jumps — Update,https://example.com/article/339,editor@marketwatch.com,2023-02-14 23:20:00 UTC-4,MSFT
Merger Talks Speculation Volatile Earnings Beat Estimates Shares Rise Revenue Growth Cloud Strong — Update,https://example.com/article/340,alerts@thefly.com,2023-02-15 03:12:00 UTC-4,GOOGL
Dividend Increased Yield Income Revenue Growth Cloud Strong Merger Talks Speculation Volatile — Update,https://example.com/article/341,news@reuters.com,2023-02-15 02:44:00 UTC-4,GOOGL
Price Target Raised Analyst Bullish Dividend Increased Yield Income Merger Talks Speculation Volatile Sec Filing Insider Buying Downgrade Concerns Margin Pressure — Update,https://example.com/article/342,Reuters,2023-02-15 04:14:00 UTC-4,GOOGL
Merger Talks Speculation Volatile Earnings Beat Estimates Shares Rise Revenue Growth Cloud Strong Dividend Increased Yield Income Fda Approval Pipeline Stock Jumps — Update,https://example.com/article/343,editor@marketwatch.com,2023-02-14 21:21:00 UTC-4,GOOGL
Earnings Beat Estimates Shares Rise Downgrade Concerns Margin Pressure Price Target Raised Analyst Bullish Revenue Growth Cloud Strong — Update,https://example.com/article/344,Bloomberg,2023-02-16 02:06:00 UTC-4,AAPL
Price Target Raised Analyst Bullish Dividend Increased Yield Income Merger Talks Speculation Volatile Revenue Growth Cloud Strong Downgrade Concerns Margin Pressure — Update,https://example.com/article/345,news@reuters.com,2023-02-15 22:12:00 UTC-4,AAPL
Merger Talks Speculation Volatile Price Target Raised Analyst Bullish Downgrade Concerns Margin Pressure Revenue Growth Cloud Strong Sec Filing Insider Buying — Update,https://example.com/article/346,alerts@thefly.com,2023-02-16 11:43:00 UTC-4,AAPL
Revenue Growth Cloud Strong Sec Filing Insider Buying Downgrade Concerns Margin Pressure Price Target Raised Analyst Bullish Merger Talks Speculation Volatile — Update,https://example.com/article/347,Bloomberg,2023-02-16 00:24:00 UTC-4,AAPL
Downgrade Concerns Margin Pressure Sec Filing Insider Buying Merger Talks Speculation Volatile Price Target Raised Analyst Bullish — Update,https://example.com/article/348,editor@marketwatch.com,2023-02-15 21:24:00 UTC-4,AAPL
Sec Filing Insider Buying Price Target Raised Analyst Bullish Downgrade Concerns Margin Pressure Dividend Increased Yield Income — Update,https://example.com/article/349,editor@marketwatch.com,2023-02-16 00:30:00 UTC-4,MSFT
Revenue Growth Cloud Strong Price Target Raised Analyst Bullish Earnings Beat Estimates Shares Rise — Update,https://example.com/article/350,alerts@thefly.com,2023-02-16 10:03:00 UTC-4,AAPL
Revenue Growth Cloud Strong Earnings Beat Estimates Shares Rise Dividend Increased Yield Income Price Target Raised Analyst Bullish — Update,https://example.com/article/351,editor@marketwatch.com,2023-02-15 21:33:00 UTC-4,GOOGL
Downgrade Concerns Margin Pressure Dividend Increased Yield Income Price Target Raised Analyst Bullish — Update,https://example.com/article/352,Bloomberg,2023-02-17 06:54:00 UTC-4,AAPL
Dividend Increased Yield Income Earnings Beat Estimates Shares Rise Sec Filing Insider Buying Downgrade Concerns Margin Pressure — Update,https://example.com/article/353,editor@marketwatch.com,2023-02-17 11:29:00 UTC-4,GOOGL
Merger Talks Speculation Volatile Fda Approval Pipeline Stock Jumps Dividend Increased Yield Income — Update,https://example.com/article/354,news@reuters.com,2023-02-17 04:20:00 UTC-4,MSFT
Fda Approval Pipeline Stock Jumps Earnings Beat Estimates Shares Rise Price Target Raised Analyst Bullish Merger Talks Speculation Volatile — Update,https://example.com/article/355,tips@benzinga.com,2023-02-16 22:45:00 UTC-4,GOOGL
Merger Talks Speculation Volatile Dividend Increased Yield Income Earnings Beat Estimates Shares Rise Price Target Raised Analyst Bullish Fda Approval Pipeline Stock Jumps — Update,https://example.com/article/356,editor@marketwatch.com,2023-02-17 01:25:00 UTC-4,GOOGL
Earnings Beat Estimates Shares Rise Merger Talks Speculation Volatile Sec Filing Insider Buying Downgrade Concerns Margin Pressure — Update,https://example.com/article/357,Bloomberg,2023-02-17 06:35:00 UTC-4,AAPL
Revenue Growth Cloud Strong Fda Approval Pipeline Stock Jumps Dividend Increased Yield Income Price Target Raised Analyst Bullish Downgrade Concerns Margin Pressure — Update,https://example.com/article/358,Reuters,2023-02-17 06:04:00 UTC-4,AAPL
Dividend Increased Yield Income Sec Filing Insider Buying Earnings Beat Estimates Shares Rise Downgrade Concerns Margin Pressure — Update,https://example.com/article/359,Bloomberg,2023-02-17 00:04:00 UTC-4,GOOGL
Revenue Growth Cloud Strong Downgrade Concerns Margin Pressure Merger Talks Speculation Volatile Sec Filing Insider Buying Dividend Increased Yield Income — Update,https://example.com/article/360,news@reuters.com,2023-02-18 04:08:00 UTC-4,AAPL
Sec Filing Insider Buying Earnings Beat Estimates Shares Rise Fda Approval Pipeline Stock Jumps Downgrade Concerns Margin Pressure Revenue Growth Cloud Strong — Update,https://example.com/article/361,editor@marketwatch.com,2023-02-18 00:58:00 UTC-4,GOOGL
Merger Talks Speculation Volatile Revenue Growth Cloud Strong Downgrade Concerns Margin Pressure Fda Approval Pipeline Stock Jumps Dividend Increased Yield Income — Update,https://example.com/article/362,tips@benzinga.com,2023-02-18 10:11:00 UTC-4,AAPL
Earnings Beat Estimates Shares Rise Fda Approval Pipeline Stock Jumps Dividend Increased Yield Income — Update,https://example.com/article/363,alerts@thefly.com,2023-02-18 00:22:00 UTC-4,MSFT
Price Target Raised Analyst Bullish Sec Filing Insider Buying Downgrade Concerns Margin Pressure Earnings Beat Estimates Shares Rise Dividend Increased Yield Income — Update,https://example.com/article/364,Reuters,2023-02-18 01:28:00 UTC-4,MSFT
Price Target Raised Analyst Bullish Fda Approval Pipeline Stock Jumps Earnings Beat Estimates Shares Rise Dividend Increased Yield Income — Update,https://example.com/article/365,alerts@thefly.com,2023-02-17 22:55:00 UTC-4,AAPL
Revenue Growth Cloud Strong Sec Filing Insider Buying Dividend Increased Yield Income Fda Approval Pipeline Stock Jumps — Update,https://example.com/article/366,news@reuters.com,2023-02-18 11:56:00 UTC-4,AAPL
Earnings Beat Estimates Shares Rise Fda Approval Pipeline Stock Jumps Price Target Raised Analyst Bullish Sec Filing Insider Buying — Update,https://example.com/article/367,news@reuters.com,2023-02-18 06:00:00 UTC-4,AAPL
Fda Approval Pipeline Stock Jumps Sec Filing Insider Buying Price Target Raised Analyst Bullish — Update,https://example.com/article/368,Bloomberg,2023-02-19 11:15:00 UTC-4,MSFT
Merger Talks Speculation Volatile Earnings Beat Estimates Shares Rise Sec Filing Insider Buying Dividend Increased Yield Income — Update,https://example.com/article/369,editor@marketwatch.com,2023-02-19 05:29:00 UTC-4,MSFT
Downgrade Concerns Margin Pressure Revenue Growth Cloud Strong Merger Talks Speculation Volatile Sec Filing Insider Buying Earnings Beat Estimates Shares Rise — Update,https://example.com/article/370,editor@marketwatch.com,2023-02-19 10:15:00 UTC-4,AAPL
Downgrade Concerns Margin Pressure Price Target Raised Analyst Bullish Revenue Growth Cloud Strong Sec Filing Insider Buying Fda Approval Pipeline Stock Jumps — Update,https://example.com/article/371,editor@marketwatch.com,2023-02-19 00:19:00 UTC-4,MSFT
Earnings Beat Estimates Shares Rise Merger Talks Speculation Volatile Revenue Growth Cloud Strong Dividend Increased Yield Income — Update,https://example.com/article/372,news@reuters.com,2023-02-19 05:36:00 UTC-4,MSFT
Downgrade Concerns Margin Pressure Fda Approval Pipeline Stock Jumps Dividend Increased Yield Income Merger Talks Speculation Volatile Price Target Raised Analyst Bullish — Update,https://example.com/article/373,Bloomberg,2023-02-18 22:47:00 UTC-4,MSFT
Revenue Growth Cloud Strong Dividend Increased Yield Income Earnings Beat Estimates Shares Rise Fda Approval Pipeline Stock Jumps Downgrade Concerns Margin Pressure — Update,https://example.com/article/374,tips@benzinga.com,2023-02-19 03:28:00 UTC-4,GOOGL
Fda Approval Pipeline Stock Jumps Price Target Raised Analyst Bullish Revenue Growth Cloud Strong — Update,https://example.com/article/375,alerts@thefly.com,2023-02-19 00:18:00 UTC-4,GOOGL
Revenue Growth Cloud Strong Price Target Raised Analyst Bullish Downgrade Concerns Margin Pressure — Update,https://example.com/article/376,editor@marketwatch.com,2023-02-20 06:01:00 UTC-4,GOOGL
Earnings Beat Estimates Shares Rise Revenue Growth Cloud Strong Merger Talks Speculation Volatile Downgrade Concerns Margin Pressure — Update,https://example.com/article/377,Reuters,2023-02-20 10:54:00 UTC-4,AAPL
Sec Filing Insider Buying Earnings Beat Estimates Shares Rise Fda Approval Pipeline Stock Jumps Dividend Increased Yield Income — Update,https://example.com/article/378,news@reuters.com,2023-02-20 02:01:00 UTC-4,GOOGL
Downgrade Concerns Margin Pressure Merger Talks Speculation Volatile Dividend Increased Yield Income Revenue Growth Cloud Strong — Update,https://example.com/article/379,Bloomberg,2023-02-20 05:50:00 UTC-4,AAPL
Price Target Raised Analyst Bullish Merger Talks Speculation Volatile Downgrade Concerns Margin Pressure — Update,https://example.com/article/380,news@reuters.com,2023-02-20 10:02:00 UTC-4,MSFT
Price Target Raised Analyst Bullish Sec Filing Insider Buying Fda Approval Pipeline Stock Jumps — Update,https://example.com/article/381,editor@marketwatch.com,2023-02-20 04:29:00 UTC-4,GOOGL
Dividend Increased Yield Income Sec Filing Insider Buying Earnings Beat Estimates Shares Rise Merger Talks Speculation Volatile — Update,https://example.com/article/382,news@reuters.com,2023-02-19 23:41:00 UTC-4,AAPL
Merger Talks Speculation Volatile Downgrade Concerns Margin Pressure Fda Approval Pipeline Stock Jumps Price Target Raised Analyst Bullish — Update,https://example.com/article/383,Reuters,2023-02-20 11:09:00 UTC-4,AAPL
Revenue Growth Cloud Strong Dividend Increased Yield Income Earnings Beat Estimates Shares Rise Sec Filing Insider Buying Merger Talks Speculation Volatile — Update,https://example.com/article/384,news@reuters.com,2023-02-21 05:37:00 UTC-4,AAPL
Merger Talks Speculation Volatile Price Target Raised Analyst Bullish Dividend Increased Yield Income — Update,https://example.com/article/385,editor@marketwatch.com,2023-02-21 02:52:00 UTC-4,AAPL
Downgrade Concerns Margin Pressure Earnings Beat Estimates Shares Rise Merger Talks Speculation Volatile Dividend Increased Yield Income — Update,https://example.com/article/386,Bloomberg,2023-02-21 04:37:00 UTC-4,AAPL
Earnings Beat Estimates Shares Rise Price Target Raised Analyst Bullish Sec Filing Insider Buying — Update,https://example.com/article/387,tips@benzinga.com,2023-02-21 01:08:00 UTC-4,GOOGL
Earnings Beat Estimates Shares Rise Fda Approval Pipeline Stock Jumps Dividend Increased Yield Income Revenue Growth Cloud Strong Merger Talks Speculation Volatile — Update,https://example.com/article/388,news@reuters.com,2023-02-21 11:50:00 UTC-4,MSFT
Downgrade Concerns Margin Pressure Fda Approval Pipeline Stock Jumps Revenue Growth Cloud Strong — Update,https://example.com/article/389,tips@benzinga.com,2023-02-20 23:07:00 UTC-4,AAPL
Downgrade Concerns Margin Pressure Dividend Increased Yield Income Earnings Beat Estimates Shares Rise — Update,https://example.com/article/390,Reuters,2023-02-21 01:18:00 UTC-4,AAPL
Downgrade Concerns Margin Pressure Revenue Growth Cloud Strong Earnings Beat Estimates Shares Rise Fda Approval Pipeline Stock Jumps — Update,https://example.com/article/391,editor@marketwatch.com,2023-02-21 10:49:00 UTC-4,AAPL
Merger Talks Speculation Volatile Earnings Beat Estimates Shares Rise Revenue Growth Cloud Strong — Update,https://example.com/article/392,tips@benzinga.com,2023-02-22 05:56:00 UTC-4,MSFT
Earnings Beat Estimates Shares Rise Revenue Growth Cloud Strong Sec Filing Insider Buying — Update,https://example.com/article/393,news@reuters.com,2023-02-22 10:04:00 UTC-4,GOOGL
Downgrade Concerns Margin Pressure Merger Talks Speculation Volatile Sec Filing Insider Buying Dividend Increased Yield Income Price Target Raised Analyst Bullish — Update,https://example.com/article/394,alerts@thefly.com,2023-02-21 23:28:00 UTC-4,GOOGL
Revenue Growth Cloud Strong Price Target Raised Analyst Bullish Sec Filing Insider Buying Fda Approval Pipeline Stock Jumps Earnings Beat Estimates Shares Rise — Update,https://example.com/article/395,Reuters,2023-02-21 22:34:00 UTC-4,MSFT
Sec Filing Insider Buying Merger Talks Speculation Volatile Fda Approval Pipeline Stock Jumps — Update,https://example.com/article/396,editor@marketwatch.com,2023-02-22 00:49:00 UTC-4,GOOGL
Fda Approval Pipeline Stock Jumps Merger Talks Speculation Volatile Price Target Raised Analyst Bullish Earnings Beat Estimates Shares Rise Revenue Growth Cloud Strong — Update,https://example.com/article/397,tips@benzinga.com,2023-02-22 00:41:00 UTC-4,MSFT
Earnings Beat Estimates Shares Rise Revenue Growth Cloud Strong Sec Filing Insider Buying Downgrade Concerns Margin Pressure Price Target Raised Analyst Bullish — Update,https://example.com/article/398,Reuters,2023-02-21 22:27:00 UTC-4,MSFT
Fda Approval Pipeline Stock Jumps Dividend Increased Yield Income Earnings Beat Estimates Shares Rise — Update,https://example.com/article/399,Bloomberg,2023-02-22 06:10:00 UTC-4,AAPL
Fda Approval Pipeline Stock Jumps Merger Talks Speculation Volatile Earnings Beat Estimates Shares Rise Sec Filing Insider Buying Price Target Raised Analyst Bullish — Update,https://example.com/article/400,Reuters,2023-02-23 04:20:00 UTC-4,GOOGL
Fda Approval Pipeline Stock Jumps Downgrade Concerns Margin Pressure Merger Talks Speculation Volatile Price Target Raised Analyst Bullish — Update,https://example.com/article/401,news@reuters.com,2023-02-22 23:30:00 UTC-4,MSFT
Downgrade Concerns Margin Pressure Price Target Raised Analyst Bullish Merger Talks Speculation Volatile — Update,https://example.com/article/402,Reuters,2023-02-23 10:23:00 UTC-4,MSFT
Sec Filing Insider Buying Revenue Growth Cloud Strong Downgrade Concerns Margin Pressure Dividend Increased Yield Income — Update,https://example.com/article/403,Bloomberg,2023-02-23 00:32:00 UTC-4,GOOGL
Revenue Growth Cloud Strong Dividend Increased Yield Income Downgrade Concerns Margin Pressure Price Target Raised Analyst Bullish — Update,https://example.com/article/404,news@reuters.com,2023-02-23 02:20:00 UTC-4,GOOGL
Merger Talks Speculation Volatile Price Target Raised Analyst Bullish Downgrade Concerns Margin Pressure Earnings Beat Estimates Shares Rise Revenue Growth Cloud Strong — Update,https://example.com/article/405,tips@benzinga.com,2023-02-22 22:05:00 UTC-4,GOOGL
Merger Talks Speculation Volatile Earnings Beat Estimates Shares Rise Sec Filing Insider Buying — Update,https://example.com/article/406,alerts@thefly.com,2023-02-23 05:50:00 UTC-4,AAPL
Sec Filing Insider Buying Merger Talks Speculation Volatile Earnings Beat Estimates Shares Rise Dividend Increased Yield Income Fda Approval Pipeline Stock Jumps — Update,https://example.com/article/407,tips@benzinga.com,2023-02-23 04:28:00 UTC-4,GOOGL
Revenue Growth Cloud Strong Earnings Beat Estimates Shares Rise Dividend Increased Yield Income Price Target Raised Analyst Bullish — Update,https://example.com/article/408,Bloomberg,2023-02-24 06:22:00 UTC-4,GOOGL
Fda Approval Pipeline Stock Jumps Sec Filing Insider Buying Dividend Increased Yield Income Merger Talks Speculation Volatile — Update,https://example.com/article/409,news@reuters.com,2023-02-24 03:03:00 UTC-4,GOOGL
Merger Talks Speculation Volatile Dividend Increased Yield Income Revenue Growth Cloud Strong — Update,https://example.com/article/410,alerts@thefly.com,2023-02-24 05:11:00 UTC-4,MSFT
Price Target Raised Analyst Bullish Dividend Increased Yield Income Merger Talks Speculation Volatile — Update,https://example.com/article/411,news@reuters.com,2023-02-24 04:46:00 UTC-4,AAPL
Fda Approval Pipeline Stock Jumps Price Target Raised Analyst Bullish Earnings Beat Estimates Shares Rise Sec Filing Insider Buying — Update,https://example.com/article/412,news@reuters.com,2023-02-24 05:19:00 UTC-4,MSFT
Fda Approval Pipeline Stock Jumps Dividend Increased Yield Income Downgrade Concerns Margin Pressure — Update,https://example.com/article/413,alerts@thefly.com,2023-02-24 04:57:00 UTC-4,MSFT
Sec Filing Insider Buying Fda Approval Pipeline Stock Jumps Earnings Beat Estimates Shares Rise — Update,https://example.com/article/414,alerts@thefly.com,2023-02-24 05:22:00 UTC-4,AAPL
Price Target Raised Analyst Bullish Dividend Increased Yield Income Sec Filing Insider Buying Downgrade Concerns Margin Pressure Revenue Growth Cloud Strong — Update,https://example.com/article/415,editor@marketwatch.com,2023-02-23 23:09:00 UTC-4,MSFT
Downgrade Concerns Margin Pressure Merger Talks Speculation Volatile Sec Filing Insider Buying Dividend Increased Yield Income Earnings Beat Estimates Shares Rise — Update,https://example.com/article/416,editor@marketwatch.com,2023-02-25 06:51:00 UTC-4,AAPL
Sec Filing Insider Buying Downgrade Concerns Margin Pressure Merger Talks Speculation Volatile Dividend Increased Yield Income Revenue Growth Cloud Strong — Update,https://example.com/article/417,news@reuters.com,2023-02-25 01:11:00 UTC-4,AAPL
Earnings Beat Estimates Shares Rise Merger Talks Speculation Volatile Dividend Increased Yield Income — Update,https://example.com/article/418,editor@marketwatch.com,2023-02-25 06:40:00 UTC-4,GOOGL
Revenue Growth Cloud Strong Fda Approval Pipeline Stock Jumps Merger Talks Speculation Volatile Dividend Increased Yield Income Earnings Beat Estimates Shares Rise — Update,https://example.com/article/419,tips@benzinga.com,2023-02-25 06:42:00 UTC-4,MSFT
Dividend Increased Yield Income Earnings Beat Estimates Shares Rise Revenue Growth Cloud Strong Merger Talks Speculation Volatile Price Target Raised Analyst Bullish — Update,https://example.com/article/420,editor@marketwatch.com,2023-02-25 02:40:00 UTC-4,GOOGL
Earnings Beat Estimates Shares Rise Fda Approval Pipeline Stock Jumps Dividend Increased Yield Income Price Target Raised Analyst Bullish Merger Talks Speculation Volatile — Update,https://example.com/article/421,alerts@thefly.com,2023-02-24 23:54:00 UTC-4,AAPL
Downgrade Concerns Margin Pressure Sec Filing Insider Buying Revenue Growth Cloud Strong Dividend Increased Yield Income Earnings Beat Estimates Shares Rise — Update,https://example.com/article/422,news@reuters.com,2023-02-25 10:26:00 UTC-4,AAPL
Revenue Growth Cloud Strong Dividend Increased Yield Income Earnings Beat Estimates Shares Rise Sec Filing Insider Buying — Update,https://example.com/article/423,Reuters,2023-02-25 04:30:00 UTC-4,MSFT
Earnings Beat Estimates Shares Rise Fda Approval Pipeline Stock Jumps Revenue Growth Cloud Strong Price Target Raised Analyst Bullish Downgrade Concerns Margin Pressure — Update,https://example.com/article/424,news@reuters.com,2023-02-26 01:19:00 UTC-4,AAPL
Price Target Raised Analyst Bullish Dividend Increased Yield Income Downgrade Concerns Margin Pressure — Update,https://example.com/article/425,editor@marketwatch.com,2023-02-26 03:53:00 UTC-4,AAPL
Fda Approval Pipeline Stock Jumps Earnings Beat Estimates Shares Rise Dividend Increased Yield Income — Update,https://example.com/article/426,alerts@thefly.com,2023-02-26 00:33:00 UTC-4,GOOGL
Sec Filing Insider Buying Price Target Raised Analyst Bullish Dividend Increased Yield Income Earnings Beat Estimates Shares Rise Downgrade Concerns Margin Pressure — Update,https://example.com/article/427,Reuters,2023-02-26 00:32:00 UTC-4,AAPL
Merger Talks Speculation Volatile Revenue Growth Cloud Strong Downgrade Concerns Margin Pressure — Update,https://example.com/article/428,Reuters,2023-02-26 05:06:00 UTC-4,MSFT
Revenue Growth Cloud Strong Sec Filing Insider Buying Earnings Beat Estimates Shares Rise Downgrade Concerns Margin Pressure — Update,https://example.com/article/429,news@reuters.com,2023-02-25 21:43:00 UTC-4,MSFT
Fda Approval Pipeline Stock Jumps Earnings Beat Estimates Shares Rise Revenue Growth Cloud Strong Merger Talks Speculation Volatile — Update,https://example.com/article/430,Reuters,2023-02-26 06:28:00 UTC-4,MSFT
Price Target Raised Analyst Bullish Fda Approval Pipeline Stock Jumps Dividend Increased Yield Income Earnings Beat Estimates Shares Rise — Update,https://example.com/article/431,Bloomberg,2023-02-25 22:08:00 UTC-4,GOOGL
Downgrade Concerns Margin Pressure Sec Filing Insider Buying Earnings Beat Estimates Shares Rise Merger Talks Speculation Volatile Price Target Raised Analyst Bullish — Update,https://example.com/article/432,editor@marketwatch.com,2023-02-26 21:36:00 UTC-4,MSFT
Revenue Growth Cloud Strong Dividend Increased Yield Income Merger Talks Speculation Volatile Earnings Beat Estimates Shares Rise Price Target Raised Analyst Bullish — Update,https://example.com/article/433,alerts@thefly.com,2023-02-27 10:46:00 UTC-4,MSFT
Fda Approval Pipeline Stock Jumps Revenue Growth Cloud Strong Merger Talks Speculation Volatile Dividend Increased Yield Income — Update,https://example.com/article/434,Bloomberg,2023-02-27 11:34:00 UTC-4,GOOGL
Merger Talks Speculation Volatile Sec Filing Insider Buying Downgrade Concerns Margin Pressure Price Target Raised Analyst Bullish — Update,https://example.com/article/435,news@reuters.com,2023-02-26 21:06:00 UTC-4,MSFT
Earnings Beat Estimates Shares Rise Dividend Increased Yield Income Fda Approval Pipeline Stock Jumps Price Target Raised Analyst Bullish — Update,https://example.com/article/436,Reuters,2023-02-27 10:55:00 UTC-4,AAPL
Merger Talks Speculation Volatile Dividend Increased Yield Income Sec Filing Insider Buying Fda Approval Pipeline Stock Jumps — Update,https://example.com/article/437,Bloomberg,2023-02-26 23:22:00 UTC-4,AAPL
Merger Talks Speculation Volatile Dividend Increased Yield Income Fda Approval Pipeline Stock Jumps Revenue Growth Cloud Strong Earnings Beat Estimates Shares Rise — Update,https://example.com/article/438,Bloomberg,2023-02-26 23:35:00 UTC-4,MSFT
Fda Approval Pipeline Stock Jumps Merger Talks Speculation Volatile Revenue Growth Cloud Strong Sec Filing Insider Buying — Update,https://example.com/article/439,news@reuters.com,2023-02-26 23:59:00 UTC-4,GOOGL
Downgrade Concerns Margin Pressure Dividend Increased Yield Income Sec Filing Insider Buying Price Target Raised Analyst Bullish — Update,https://example.com/article/440,editor@marketwatch.com,2023-02-28 02:14:00 UTC-4,AAPL
Dividend Increased Yield Income Price Target Raised Analyst Bullish Fda Approval Pipeline Stock Jumps — Update,https://example.com/article/441,alerts@thefly.com,2023-02-28 06:59:00 UTC-4,GOOGL
Sec Filing Insider Buying Price Target Raised Analyst Bullish Downgrade Concerns Margin Pressure — Update,https://example.com/article/442,Reuters,2023-02-28 05:55:00 UTC-4,MSFT
Earnings Beat Estimates Shares Rise Sec Filing Insider Buying Downgrade Concerns Margin Pressure Revenue Growth Cloud Strong — Update,https://example.com/article/443,Reuters,2023-02-28 02:14:00 UTC-4,AAPL
Dividend Increased Yield Income Earnings Beat Estimates Shares Rise Merger Talks Speculation Volatile Price Target Raised Analyst Bullish Downgrade Concerns Margin Pressure — Update,https://example.com/article/444,news@reuters.com,2023-02-28 03:32:00 UTC-4,MSFT
Dividend Increased Yield Income Merger Talks Speculation Volatile Downgrade Concerns Margin Pressure Earnings Beat Estimates Shares Rise — Update,https://example.com/article/445,Reuters,2023-02-28 02:33:00 UTC-4,AAPL
Revenue Growth Cloud Strong Downgrade Concerns Margin Pressure Fda Approval Pipeline Stock Jumps — Update,https://example.com/article/446,editor@marketwatch.com,2023-02-28 04:34:00 UTC-4,AAPL
Downgrade Concerns Margin Pressure Dividend Increased Yield Income Merger Talks Speculation Volatile Fda Approval Pipeline Stock Jumps Earnings Beat Estimates Shares Rise — Update,https://example.com/article/447,editor@marketwatch.com,2023-02-28 03:07:00 UTC-4,AAPL
Fda Approval Pipeline Stock Jumps Merger Talks Speculation Volatile Dividend Increased Yield Income Price Target Raised Analyst Bullish — Update,https://example.com/article/448,alerts@thefly.com,2023-02-28 22:05:00 UTC-4,AAPL
Downgrade Concerns Margin Pressure Fda Approval Pipeline Stock Jumps Dividend Increased Yield Income — Update,https://example.com/article/449,alerts@thefly.com,2023-03-01 00:29:00 UTC-4,AAPL
Sec Filing Insider Buying Earnings Beat Estimates Shares Rise Dividend Increased Yield Income — Update,https://example.com/article/450,Bloomberg,2023-03-01 11:29:00 UTC-4,AAPL
Fda Approval Pipeline Stock Jumps Dividend Increased Yield Income Downgrade Concerns Margin Pressure Revenue Growth Cloud Strong Earnings Beat Estimates Shares Rise — Update,https://example.com/article/451,Bloomberg,2023-03-01 01:56:00 UTC-4,GOOGL
Price Target Raised Analyst Bullish Revenue Growth Cloud Strong Fda Approval Pipeline Stock Jumps — Update,https://example.com/article/452,Bloomberg,2023-03-01 02:30:00 UTC-4,AAPL
Revenue Growth Cloud Strong Dividend Increased Yield Income Price Target Raised Analyst Bullish — Update,https://example.com/article/453,tips@benzinga.com,2023-03-01 11:04:00 UTC-4,GOOGL
Merger Talks Speculation Volatile Downgrade Concerns Margin Pressure Fda Approval Pipeline Stock Jumps Earnings Beat Estimates Shares Rise — Update,https://example.com/article/454,alerts@thefly.com,2023-02-28 23:19:00 UTC-4,GOOGL
Fda Approval Pipeline Stock Jumps Dividend Increased Yield Income Price Target Raised Analyst Bullish Sec Filing Insider Buying Revenue Growth Cloud Strong — Update,https://example.com/article/455,editor@marketwatch.com,2023-03-01 06:15:00 UTC-4,GOOGL
Price Target Raised Analyst Bullish Merger Talks Speculation Volatile Sec Filing Insider Buying Downgrade Concerns Margin Pressure Earnings Beat Estimates Shares Rise — Update,https://example.com/article/456,Bloomberg,2023-03-02 01:31:00 UTC-4,AAPL
Dividend Increased Yield Income Price Target Raised Analyst Bullish Downgrade Concerns Margin Pressure — Update,https://example.com/article/457,tips@benzinga.com,2023-03-02 02:47:00 UTC-4,MSFT
Earnings Beat Estimates Shares Rise Dividend Increased Yield Income Sec Filing Insider Buying Price Target Raised Analyst Bullish — Update,https://example.com/article/458,Bloomberg,2023-03-01 22:18:00 UTC-4,GOOGL
Revenue Growth Cloud Strong Sec Filing Insider Buying Merger Talks Speculation Volatile Earnings Beat Estimates Shares Rise Price Target Raised Analyst Bullish — Update,https://example.com/article/459,tips@benzinga.com,2023-03-01 23:46:00 UTC-4,AAPL
Downgrade Concerns Margin Pressure Merger Talks Speculation Volatile Dividend Increased Yield Income Sec Filing Insider Buying — Update,https://example.com/article/460,Bloomberg,2023-03-01 21:34:00 UTC-4,AAPL
Sec Filing Insider Buying Earnings Beat Estimates Shares Rise Merger Talks Speculation Volatile Fda Approval Pipeline Stock Jumps Downgrade Concerns Margin Pressure — Update,https://example.com/article/461,alerts@thefly.com,2023-03-02 03:26:00 UTC-4,MSFT
Sec Filing Insider Buying Revenue Growth Cloud Strong Dividend Increased Yield Income — Update,https://example.com/article/462,Reuters,2023-03-02 02:05:00 UTC-4,MSFT
Sec Filing Insider Buying Earnings Beat Estimates Shares Rise Price Target Raised Analyst Bullish — Update,https://example.com/article/463,Bloomberg,2023-03-02 06:13:00 UTC-4,AAPL
Revenue Growth Cloud Strong Price Target Raised Analyst Bullish Downgrade Concerns Margin Pressure — Update,https://example.com/article/464,alerts@thefly.com,2023-03-03 04:33:00 UTC-4,MSFT
Fda Approval Pipeline Stock Jumps Sec Filing Insider Buying Price Target Raised Analyst Bullish — Update,https://example.com/article/465,alerts@thefly.com,2023-03-02 22:05:00 UTC-4,GOOGL
Fda Approval Pipeline Stock Jumps Merger Talks Speculation Volatile Sec Filing Insider Buying Revenue Growth Cloud Strong — Update,https://example.com/article/466,alerts@thefly.com,2023-03-03 05:42:00 UTC-4,AAPL
Downgrade Concerns Margin Pressure Dividend Increased Yield Income Sec Filing Insider Buying Earnings Beat Estimates Shares Rise Revenue Growth Cloud Strong — Update,https://example.com/article/467,Bloomberg,2023-03-03 05:13:00 UTC-4,MSFT
Fda Approval Pipeline Stock Jumps Earnings Beat Estimates Shares Rise Merger Talks Speculation Volatile — Update,https://example.com/article/468,Bloomberg,2023-03-03 06:20:00 UTC-4,GOOGL
Downgrade Concerns Margin Pressure Sec Filing Insider Buying Dividend Increased Yield Income Price Target Raised Analyst Bullish — Update,https://example.com/article/469,tips@benzinga.com,2023-03-02 22:16:00 UTC-4,MSFT
Earnings Beat Estimates Shares Rise Merger Talks Speculation Volatile Fda Approval Pipeline Stock Jumps — Update,https://example.com/article/470,Bloomberg,2023-03-02 21:12:00 UTC-4,AAPL
Fda Approval Pipeline Stock Jumps Revenue Growth Cloud Strong Dividend Increased Yield Income Price Target Raised Analyst Bullish Earnings Beat Estimates Shares Rise — Update,https://example.com/article/471,tips@benzinga.com,2023-03-03 03:31:00 UTC-4,MSFT
Earnings Beat Estimates Shares Rise Revenue Growth Cloud Strong Dividend Increased Yield Income Downgrade Concerns Margin Pressure Merger Talks Speculation Volatile — Update,https://example.com/article/472,Bloomberg,2023-03-03 21:52:00 UTC-4,MSFT
Price Target Raised Analyst Bullish Revenue Growth Cloud Strong Fda Approval Pipeline Stock Jumps Dividend Increased Yield Income Sec Filing Insider Buying — Update,https://example.com/article/473,tips@benzinga.com,2023-03-04 05:07:00 UTC-4,MSFT
Earnings Beat Estimates Shares Rise Price Target Raised Analyst Bullish Downgrade Concerns Margin Pressure Revenue Growth Cloud Strong — Update,https://example.com/article/474,tips@benzinga.com,2023-03-04 04:29:00 UTC-4,GOOGL
Revenue Growth Cloud Strong Price Target Raised Analyst Bullish Sec Filing Insider Buying Earnings Beat Estimates Shares Rise Downgrade Concerns Margin Pressure — Update,https://example.com/article/475,tips@benzinga.com,2023-03-04 02:45:00 UTC-4,MSFT
Revenue Growth Cloud Strong Fda Approval Pipeline Stock Jumps Sec Filing Insider Buying — Update,https://example.com/article/476,editor@marketwatch.com,2023-03-04 01:37:00 UTC-4,GOOGL
Dividend Increased Yield Income Price Target Raised Analyst Bullish Downgrade Concerns Margin Pressure Sec Filing Insider Buying — Update,https://example.com/article/477,Bloomberg,2023-03-04 06:16:00 UTC-4,MSFT
Earnings Beat Estimates Shares Rise Price Target Raised Analyst Bullish Downgrade Concerns Margin Pressure — Update,https://example.com/article/478,alerts@thefly.com,2023-03-04 01:41:00 UTC-4,GOOGL
Revenue Growth Cloud Strong Price Target Raised Analyst Bullish Sec Filing Insider Buying Fda Approval Pipeline Stock Jumps — Update,https://example.com/article/479,editor@marketwatch.com,2023-03-03 22:50:00 UTC-4,GOOGL
Dividend Increased Yield Income Earnings Beat Estimates Shares Rise Revenue Growth Cloud Strong Price Target Raised Analyst Bullish — Update,https://example.com/article/480,news@reuters.com,2023-03-05 02:01:00 UTC-4,GOOGL
Price Target Raised Analyst Bullish Dividend Increased Yield Income Revenue Growth Cloud Strong Earnings Beat Estimates Shares Rise — Update,https://example.com/article/481,alerts@thefly.com,2023-03-05 01:19:00 UTC-4,AAPL
Price Target Raised Analyst Bullish Earnings Beat Estimates Shares Rise Fda Approval Pipeline Stock Jumps — Update,https://example.com/article/482,alerts@thefly.com,2023-03-05 00:28:00 UTC-4,AAPL
Earnings Beat Estimates Shares Rise Revenue Growth Cloud Strong Sec Filing Insider Buying — Update,https://example.com/article/483,news@reuters.com,2023-03-04 22:42:00 UTC-4,MSFT
Fda Approval Pipeline Stock Jumps Earnings Beat Estimates Shares Rise Price Target Raised Analyst Bullish Dividend Increased Yield Income Revenue Growth Cloud Strong — Update,https://example.com/article/484,Bloomberg,2023-03-05 04:32:00 UTC-4,MSFT
Revenue Growth Cloud Strong Earnings Beat Estimates Shares Rise Fda Approval Pipeline Stock Jumps — Update,https://example.com/article/485,Bloomberg,2023-03-05 01:26:00 UTC-4,AAPL
Earnings Beat Estimates Shares Rise Downgrade Concerns Margin Pressure Fda Approval Pipeline Stock Jumps Sec Filing Insider Buying — Update,https://example.com/article/486,Bloomberg,2023-03-05 04:17:00 UTC-4,GOOGL
Earnings Beat Estimates Shares Rise Downgrade Concerns Margin Pressure Merger Talks Speculation Volatile — Update,https://example.com/article/487,alerts@thefly.com,2023-03-04 22:31:00 UTC-4,GOOGL
Price Target Raised Analyst Bullish Dividend Increased Yield Income Revenue Growth Cloud Strong Earnings Beat Estimates Shares Rise Merger Talks Speculation Volatile — Update,https://example.com/article/488,Bloomberg,2023-03-05 23:15:00 UTC-4,GOOGL
Downgrade Concerns Margin Pressure Dividend Increased Yield Income Price Target Raised Analyst Bullish — Update,https://example.com/article/489,news@reuters.com,2023-03-06 05:36:00 UTC-4,AAPL
Fda Approval Pipeline Stock Jumps Downgrade Concerns Margin Pressure Revenue Growth Cloud Strong Price Target Raised Analyst Bullish — Update,https://example.com/article/490,Reuters,2023-03-06 01:20:00 UTC-4,MSFT
Earnings Beat Estimates Shares Rise Downgrade Concerns Margin Pressure Revenue Growth Cloud Strong Price Target Raised Analyst Bullish Sec Filing Insider Buying — Update,https://example.com/article/491,editor@marketwatch.com,2023-03-06 05:47:00 UTC-4,GOOGL
Revenue Growth Cloud Strong Price Target Raised Analyst Bullish Dividend Increased Yield Income Downgrade Concerns Margin Pressure Earnings Beat Estimates Shares Rise — Update,https://example.com/article/492,Reuters,2023-03-05 23:07:00 UTC-4,GOOGL
Earnings Beat Estimates Shares Rise Merger Talks Speculation Volatile Revenue Growth Cloud Strong Price Target Raised Analyst Bullish Dividend Increased Yield Income — Update,https://example.com/article/493,Bloomberg,2023-03-06 11:38:00 UTC-4,AAPL
Sec Filing Insider Buying Price Target Raised Analyst Bullish Earnings Beat Estimates Shares Rise Dividend Increased Yield Income — Update,https://example.com/article/494,news@reuters.com,2023-03-06 01:41:00 UTC-4,AAPL
Sec Filing Insider Buying Fda Approval Pipeline Stock Jumps Price Target Raised Analyst Bullish Merger Talks Speculation Volatile Earnings Beat Estimates Shares Rise — Update,https://example.com/article/495,news@reuters.com,2023-03-06 11:54:00 UTC-4,MSFT
Price Target Raised Analyst Bullish Dividend Increased Yield Income Fda Approval Pipeline Stock Jumps — Update,https://example.com/article/496,tips@benzinga.com,2023-03-07 03:59:00 UTC-4,AAPL
Dividend Increased Yield Income Price Target Raised Analyst Bullish Merger Talks Speculation Volatile Sec Filing Insider Buying — Update,https://example.com/article/497,alerts@thefly.com,2023-03-07 11:56:00 UTC-4,AAPL
Downgrade Concerns Margin Pressure Dividend Increased Yield Income Earnings Beat Estimates Shares Rise Merger Talks Speculation Volatile Price Target Raised Analyst Bullish — Update,https://example.com/article/498,alerts@thefly.com,2023-03-07 10:10:00 UTC-4,MSFT
Price Target Raised Analyst Bullish Downgrade Concerns Margin Pressure Earnings Beat Estimates Shares Rise Merger Talks Speculation Volatile Sec Filing Insider Buying — Update,https://example.com/article/499,alerts@thefly.com,2023-03-06 21:57:00 UTC-4,MSFT
Dividend Increased Yield Income Revenue Growth Cloud Strong Fda Approval Pipeline Stock Jumps — Update,https://example.com/article/500,alerts@thefly.com,2023-03-07 03:52:00 UTC-4,GOOGL
Sec Filing Insider Buying Downgrade Concerns Margin Pressure Revenue Growth Cloud Strong Merger Talks Speculation Volatile — Update,https://example.com/article/501,news@reuters.com,2023-03-07 11:45:00 UTC-4,GOOGL
Revenue Growth Cloud Strong Downgrade Concerns Margin Pressure Earnings Beat Estimates Shares Rise Fda Approval Pipeline Stock Jumps — Update,https://example.com/article/502,Reuters,2023-03-06 22:23:00 UTC-4,AAPL
Downgrade Concerns Margin Pressure Revenue Growth Cloud Strong Merger Talks Speculation Volatile Fda Approval Pipeline Stock Jumps — Update,https://example.com/article/503,Bloomberg,2023-03-07 00:19:00 UTC-4,AAPL
Price Target Raised Analyst Bullish Sec Filing Insider Buying Downgrade Concerns Margin Pressure Fda Approval Pipeline Stock Jumps — Update,https://example.com/article/504,news@reuters.com,2023-03-08 11:14:00 UTC-4,GOOGL
Revenue Growth Cloud Strong Price Target Raised Analyst Bullish Fda Approval Pipeline Stock Jumps — Update,https://example.com/article/505,alerts@thefly.com,2023-03-08 02:06:00 UTC-4,MSFT
Dividend Increased Yield Income Downgrade Concerns Margin Pressure Fda Approval Pipeline Stock Jumps Price Target Raised Analyst Bullish — Update,https://example.com/article/506,alerts@thefly.com,2023-03-08 10:00:00 UTC-4,GOOGL
Dividend Increased Yield Income Merger Talks Speculation Volatile Revenue Growth Cloud Strong — Update,https://example.com/article/507,Bloomberg,2023-03-07 23:08:00 UTC-4,MSFT
Price Target Raised Analyst Bullish Revenue Growth Cloud Strong Sec Filing Insider Buying Merger Talks Speculation Volatile Dividend Increased Yield Income — Update,https://example.com/article/508,alerts@thefly.com,2023-03-07 23:34:00 UTC-4,AAPL
Merger Talks Speculation Volatile Downgrade Concerns Margin Pressure Revenue Growth Cloud Strong — Update,https://example.com/article/509,editor@marketwatch.com,2023-03-08 11:10:00 UTC-4,AAPL
Fda Approval Pipeline Stock Jumps Merger Talks Speculation Volatile Sec Filing Insider Buying Earnings Beat Estimates Shares Rise Revenue Growth Cloud Strong — Update,https://example.com/article/510,news@reuters.com,2023-03-08 10:29:00 UTC-4,AAPL
Sec Filing Insider Buying Merger Talks Speculation Volatile Price Target Raised Analyst Bullish Dividend Increased Yield Income — Update,https://example.com/article/511,tips@benzinga.com,2023-03-07 22:50:00 UTC-4,AAPL
Downgrade Concerns Margin Pressure Fda Approval Pipeline Stock Jumps Sec Filing Insider Buying — Update,https://example.com/article/512,editor@marketwatch.com,2023-03-09 10:19:00 UTC-4,AAPL
Revenue Growth Cloud Strong Downgrade Concerns Margin Pressure Earnings Beat Estimates Shares Rise — Update,https://example.com/article/513,editor@marketwatch.com,2023-03-09 05:03:00 UTC-4,AAPL
Fda Approval Pipeline Stock Jumps Merger Talks Speculation Volatile Dividend Increased Yield Income — Update,https://example.com/article/514,Bloomberg,2023-03-09 05:05:00 UTC-4,MSFT
Earnings Beat Estimates Shares Rise Sec Filing Insider Buying Price Target Raised Analyst Bullish — Update,https://example.com/article/515,tips@benzinga.com,2023-03-09 04:46:00 UTC-4,AAPL
Price Target Raised Analyst Bullish Downgrade Concerns Margin Pressure Sec Filing Insider Buying Dividend Increased Yield Income — Update,https://example.com/article/516,Reuters,2023-03-09 06:49:00 UTC-4,AAPL
Dividend Increased Yield Income Sec Filing Insider Buying Price Target Raised Analyst Bullish — Update,https://example.com/article/517,Bloomberg,2023-03-09 11:23:00 UTC-4,GOOGL
Downgrade Concerns Margin Pressure Earnings Beat Estimates Shares Rise Fda Approval Pipeline Stock Jumps — Update,https://example.com/article/518,news@reuters.com,2023-03-09 02:54:00 UTC-4,AAPL
Price Target Raised Analyst Bullish Earnings Beat Estimates Shares Rise Revenue Growth Cloud Strong — Update,https://example.com/article/519,Bloomberg,2023-03-08 23:56:00 UTC-4,AAPL
Sec Filing Insider Buying Merger Talks Speculation Volatile Downgrade Concerns Margin Pressure Price Target Raised Analyst Bullish — Update,https://example.com/article/520,Reuters,2023-03-10 04:03:00 UTC-4,AAPL
Downgrade Concerns Margin Pressure Merger Talks Speculation Volatile Earnings Beat Estimates Shares Rise Dividend Increased Yield Income — Update,https://example.com/article/521,tips@benzinga.com,2023-03-10 00:40:00 UTC-4,AAPL
Sec Filing Insider Buying Price Target Raised Analyst Bullish Dividend Increased Yield Income Merger Talks Speculation Volatile Revenue Growth Cloud Strong — Update,https://example.com/article/522,Reuters,2023-03-09 22:45:00 UTC-4,AAPL
Earnings Beat Estimates Shares Rise Price Target Raised Analyst Bullish Revenue Growth Cloud Strong Downgrade Concerns Margin Pressure Sec Filing Insider Buying — Update,https://example.com/article/523,tips@benzinga.com,2023-03-10 02:03:00 UTC-4,GOOGL
Earnings Beat Estimates Shares Rise Fda Approval Pipeline Stock Jumps Merger Talks Speculation Volatile Sec Filing Insider Buying — Update,https://example.com/article/524,Bloomberg,2023-03-10 02:14:00 UTC-4,AAPL
Earnings Beat Estimates Shares Rise Downgrade Concerns Margin Pressure Merger Talks Speculation Volatile — Update,https://example.com/article/525,news@reuters.com,2023-03-10 10:33:00 UTC-4,MSFT
Earnings Beat Estimates Shares Rise Sec Filing Insider Buying Price Target Raised Analyst Bullish — Update,https://example.com/article/526,Bloomberg,2023-03-09 23:27:00 UTC-4,MSFT
Price Target Raised Analyst Bullish Dividend Increased Yield Income Fda Approval Pipeline Stock Jumps — Update,https://example.com/article/527,Reuters,2023-03-10 05:04:00 UTC-4,AAPL
Price Target Raised Analyst Bullish Downgrade Concerns Margin Pressure Dividend Increased Yield Income Fda Approval Pipeline Stock Jumps Earnings Beat Estimates Shares Rise — Update,https://example.com/article/528,editor@marketwatch.com,2023-03-11 04:18:00 UTC-4,AAPL
Sec Filing Insider Buying Earnings Beat Estimates Shares Rise Price Target Raised Analyst Bullish Dividend Increased Yield Income Downgrade Concerns Margin Pressure — Update,https://example.com/article/529,tips@benzinga.com,2023-03-11 10:27:00 UTC-4,GOOGL
Price Target Raised Analyst Bullish Downgrade Concerns Margin Pressure Earnings Beat Estimates Shares Rise — Update,https://example.com/article/530,news@reuters.com,2023-03-11 05:13:00 UTC-4,AAPL
Merger Talks Speculation Volatile Revenue Growth Cloud Strong Downgrade Concerns Margin Pressure — Update,https://example.com/article/531,Reuters,2023-03-11 11:39:00 UTC-4,AAPL
Downgrade Concerns Margin Pressure Price Target Raised Analyst Bullish Earnings Beat Estimates Shares Rise Merger Talks Speculation Volatile Sec Filing Insider Buying — Update,https://example.com/article/532,Bloomberg,2023-03-10 21:07:00 UTC-4,MSFT
Earnings Beat Estimates Shares Rise Sec Filing Insider Buying Revenue Growth Cloud Strong — Update,https://example.com/article/533,tips@benzinga.com,2023-03-11 02:49:00 UTC-4,GOOGL
Sec Filing Insider Buying Dividend Increased Yield Income Merger Talks Speculation Volatile Price Target Raised Analyst Bullish — Update,https://example.com/article/534,news@reuters.com,2023-03-11 10:08:00 UTC-4,AAPL
Sec Filing Insider Buying Earnings Beat Estimates Shares Rise Merger Talks Speculation Volatile Price Target Raised Analyst Bullish Downgrade Concerns Margin Pressure — Update,https://example.com/article/535,alerts@thefly.com,2023-03-11 05:12:00 UTC-4,MSFT
Sec Filing Insider Buying Dividend Increased Yield Income Downgrade Concerns Margin Pressure Merger Talks Speculation Volatile Revenue Growth Cloud Strong — Update,https://example.com/article/536,Bloomberg,2023-03-12 06:18:00 UTC-4,MSFT
Earnings Beat Estimates Shares Rise Downgrade Concerns Margin Pressure Fda Approval Pipeline Stock Jumps Price Target Raised Analyst Bullish Dividend Increased Yield Income — Update,https://example.com/article/537,news@reuters.com,2023-03-11 21:12:00 UTC-4,AAPL
Merger Talks Speculation Volatile Fda Approval Pipeline Stock Jumps Earnings Beat Estimates Shares Rise — Update,https://example.com/article/538,Reuters,2023-03-11 22:51:00 UTC-4,GOOGL
Earnings Beat Estimates Shares Rise Fda Approval Pipeline Stock Jumps Merger Talks Speculation Volatile Dividend Increased Yield Income — Update,https://example.com/article/539,tips@benzinga.com,2023-03-12 00:50:00 UTC-4,AAPL
Fda Approval Pipeline Stock Jumps Merger Talks Speculation Volatile Earnings Beat Estimates Shares Rise Price Target Raised Analyst Bullish — Update,https://example.com/article/540,Reuters,2023-03-12 06:58:00 UTC-4,GOOGL
Revenue Growth Cloud Strong Price Target Raised Analyst Bullish Downgrade Concerns Margin Pressure Earnings Beat Estimates Shares Rise — Update,https://example.com/article/541,alerts@thefly.com,2023-03-11 22:07:00 UTC-4,AAPL
Downgrade Concerns Margin Pressure Price Target Raised Analyst Bullish Dividend Increased Yield Income Merger Talks Speculation Volatile Sec Filing Insider Buying — Update,https://example.com/article/542,editor@marketwatch.com,2023-03-12 00:14:00 UTC-4,AAPL
Fda Approval Pipeline Stock Jumps Sec Filing Insider Buying Price Target Raised Analyst Bullish — Update,https://example.com/article/543,alerts@thefly.com,2023-03-11 22:52:00 UTC-4,AAPL
Revenue Growth Cloud Strong Fda Approval Pipeline Stock Jumps Price Target Raised Analyst Bullish Dividend Increased Yield Income — Update,https://example.com/article/544,Bloomberg,2023-03-13 02:07:00 UTC-4,AAPL
Downgrade Concerns Margin Pressure Merger Talks Speculation Volatile Sec Filing Insider Buying Earnings Beat Estimates Shares Rise Price Target Raised Analyst Bullish — Update,https://example.com/article/545,news@reuters.com,2023-03-13 06:05:00 UTC-4,AAPL
Price Target Raised Analyst Bullish Dividend Increased Yield Income Earnings Beat Estimates Shares Rise Downgrade Concerns Margin Pressure Revenue Growth Cloud Strong — Update,https://example.com/article/546,editor@marketwatch.com,2023-03-12 21:00:00 UTC-4,AAPL
Downgrade Concerns Margin Pressure Price Target Raised Analyst Bullish Dividend Increased Yield Income — Update,https://example.com/article/547,Bloomberg,2023-03-12 22:56:00 UTC-4,AAPL
Sec Filing Insider Buying Merger Talks Speculation Volatile Fda Approval Pipeline Stock Jumps — Update,https://example.com/article/548,Reuters,2023-03-13 05:33:00 UTC-4,MSFT
Dividend Increased Yield Income Price Target Raised Analyst Bullish Revenue Growth Cloud Strong Earnings Beat Estimates Shares Rise — Update,https://example.com/article/549,alerts@thefly.com,2023-03-12 22:38:00 UTC-4,GOOGL
Earnings Beat Estimates Shares Rise Revenue Growth Cloud Strong Fda Approval Pipeline Stock Jumps — Update,https://example.com/article/550,alerts@thefly.com,2023-03-13 04:01:00 UTC-4,GOOGL
Downgrade Concerns Margin Pressure Dividend Increased Yield Income Merger Talks Speculation Volatile Price Target Raised Analyst Bullish Fda Approval Pipeline Stock Jumps — Update,https://example.com/article/551,Reuters,2023-03-13 01:37:00 UTC-4,MSFT
Revenue Growth Cloud Strong Earnings Beat Estimates Shares Rise Sec Filing Insider Buying — Update,https://example.com/article/552,editor@marketwatch.com,2023-03-14 02:51:00 UTC-4,GOOGL
Fda Approval Pipeline Stock Jumps Merger Talks Speculation Volatile Earnings Beat Estimates Shares Rise — Update,https://example.com/article/553,Bloomberg,2023-03-14 00:52:00 UTC-4,MSFT
Earnings Beat Estimates Shares Rise Sec Filing Insider Buying Revenue Growth Cloud Strong — Update,https://example.com/article/554,alerts@thefly.com,2023-03-13 21:28:00 UTC-4,AAPL
Fda Approval Pipeline Stock Jumps Price Target Raised Analyst Bullish Revenue Growth Cloud Strong Earnings Beat Estimates Shares Rise — Update,https://example.com/article/555,alerts@thefly.com,2023-03-14 03:47:00 UTC-4,MSFT
Earnings Beat Estimates Shares Rise Sec Filing Insider Buying Downgrade Concerns Margin Pressure — Update,https://example.com/article/556,tips@benzinga.com,2023-03-13 22:47:00 UTC-4,AAPL
Downgrade Concerns Margin Pressure Sec Filing Insider Buying Dividend Increased Yield Income — Update,https://example.com/article/557,alerts@thefly.com,2023-03-14 06:33:00 UTC-4,AAPL
Downgrade Concerns Margin Pressure Dividend Increased Yield Income Fda Approval Pipeline Stock Jumps — Update,https://example.com/article/558,tips@benzinga.com,2023-03-14 03:34:00 UTC-4,GOOGL
Fda Approval Pipeline Stock Jumps Merger Talks Speculation Volatile Sec Filing Insider Buying — Update,https://example.com/article/559,editor@marketwatch.com,2023-03-13 23:27:00 UTC-4,AAPL
Sec Filing Insider Buying Fda Approval Pipeline Stock Jumps Dividend Increased Yield Income — Update,https://example.com/article/560,alerts@thefly.com,2023-03-15 00:54:00 UTC-4,GOOGL
Downgrade Concerns Margin Pressure Merger Talks Speculation Volatile Price Target Raised Analyst Bullish Dividend Increased Yield Income — Update,https://example.com/article/561,alerts@thefly.com,2023-03-14 22:41:00 UTC-4,AAPL
Revenue Growth Cloud Strong Sec Filing Insider Buying Earnings Beat Estimates Shares Rise Dividend Increased Yield Income — Update,https://example.com/article/562,news@reuters.com,2023-03-15 01:53:00 UTC-4,AAPL
Sec Filing Insider Buying Merger Talks Speculation Volatile Price Target Raised Analyst Bullish Fda Approval Pipeline Stock Jumps Dividend Increased Yield Income — Update,https://example.com/article/563,alerts@thefly.com,2023-03-15 01:33:00 UTC-4,AAPL
Price Target Raised Analyst Bullish Fda Approval Pipeline Stock Jumps Merger Talks Speculation Volatile — Update,https://example.com/article/564,alerts@thefly.com,2023-03-15 04:51:00 UTC-4,AAPL
Merger Talks Speculation Volatile Earnings Beat Estimates Shares Rise Sec Filing Insider Buying Fda Approval Pipeline Stock Jumps — Update,https://example.com/article/565,news@reuters.com,2023-03-15 04:23:00 UTC-4,AAPL
Revenue Growth Cloud Strong Merger Talks Speculation Volatile Price Target Raised Analyst Bullish Downgrade Concerns Margin Pressure Earnings Beat Estimates Shares Rise — Update,https://example.com/article/566,alerts@thefly.com,2023-03-14 22:21:00 UTC-4,AAPL
Revenue Growth Cloud Strong Sec Filing Insider Buying Downgrade Concerns Margin Pressure Merger Talks Speculation Volatile — Update,https://example.com/article/567,Bloomberg,2023-03-15 00:08:00 UTC-4,AAPL
Revenue Growth Cloud Strong Price Target Raised Analyst Bullish Earnings Beat Estimates Shares Rise Fda Approval Pipeline Stock Jumps — Update,https://example.com/article/568,Bloomberg,2023-03-16 03:56:00 UTC-4,GOOGL
Sec Filing Insider Buying Merger Talks Speculation Volatile Revenue Growth Cloud Strong — Update,https://example.com/article/569,news@reuters.com,2023-03-16 11:38:00 UTC-4,AAPL
Downgrade Concerns Margin Pressure Earnings Beat Estimates Shares Rise Dividend Increased Yield Income Merger Talks Speculation Volatile — Update,https://example.com/article/570,Reuters,2023-03-15 22:04:00 UTC-4,GOOGL
Fda Approval Pipeline Stock Jumps Downgrade Concerns Margin Pressure Sec Filing Insider Buying Dividend Increased Yield Income Revenue Growth Cloud Strong — Update,https://example.com/article/571,Bloomberg,2023-03-16 10:02:00 UTC-4,MSFT
Earnings Beat Estimates Shares Rise Fda Approval Pipeline Stock Jumps Revenue Growth Cloud Strong Downgrade Concerns Margin Pressure — Update,https://example.com/article/572,news@reuters.com,2023-03-16 04:59:00 UTC-4,GOOGL
Sec Filing Insider Buying Price Target Raised Analyst Bullish Earnings Beat Estimates Shares Rise Merger Talks Speculation Volatile Dividend Increased Yield Income — Update,https://example.com/article/573,Reuters,2023-03-16 04:03:00 UTC-4,MSFT
Fda Approval Pipeline Stock Jumps Merger Talks Speculation Volatile Earnings Beat Estimates Shares Rise Sec Filing Insider Buying — Update,https://example.com/article/574,news@reuters.com,2023-03-16 01:20:00 UTC-4,AAPL
Revenue Growth Cloud Strong Downgrade Concerns Margin Pressure Sec Filing Insider Buying — Update,https://example.com/article/575,alerts@thefly.com,2023-03-16 06:43:00 UTC-4,MSFT
Fda Approval Pipeline Stock Jumps Downgrade Concerns Margin Pressure Price Target Raised Analyst Bullish Earnings Beat Estimates Shares Rise Dividend Increased Yield Income — Update,https://example.com/article/576,alerts@thefly.com,2023-03-16 21:09:00 UTC-4,GOOGL
Fda Approval Pipeline Stock Jumps Earnings Beat Estimates Shares Rise Sec Filing Insider Buying Dividend Increased Yield Income Price Target Raised Analyst Bullish — Update,https://example.com/article/577,news@reuters.com,2023-03-16 23:02:00 UTC-4,GOOGL
Revenue Growth Cloud Strong Merger Talks Speculation Volatile Dividend Increased Yield Income — Update,https://example.com/article/578,Reuters,2023-03-17 00:56:00 UTC-4,AAPL
Price Target Raised Analyst Bullish Sec Filing Insider Buying Downgrade Concerns Margin Pressure Revenue Growth Cloud Strong — Update,https://example.com/article/579,Bloomberg,2023-03-16 21:09:00 UTC-4,AAPL
Downgrade Concerns Margin Pressure Revenue Growth Cloud Strong Earnings Beat Estimates Shares Rise Fda Approval Pipeline Stock Jumps — Update,https://example.com/article/580,editor@marketwatch.com,2023-03-17 06:15:00 UTC-4,AAPL
Fda Approval Pipeline Stock Jumps Price Target Raised Analyst Bullish Sec Filing Insider Buying Revenue Growth Cloud Strong — Update,https://example.com/article/581,alerts@thefly.com,2023-03-17 06:04:00 UTC-4,AAPL
Fda Approval Pipeline Stock Jumps Revenue Growth Cloud Strong Downgrade Concerns Margin Pressure Dividend Increased Yield Income — Update,https://example.com/article/582,alerts@thefly.com,2023-03-17 02:47:00 UTC-4,MSFT
Downgrade Concerns Margin Pressure Revenue Growth Cloud Strong Price Target Raised Analyst Bullish — Update,https://example.com/article/583,Bloomberg,2023-03-17 10:10:00 UTC-4,MSFT
Revenue Growth Cloud Strong Price Target Raised Analyst Bullish Downgrade Concerns Margin Pressure Dividend Increased Yield Income — Update,https://example.com/article/584,alerts@thefly.com,2023-03-18 10:54:00 UTC-4,AAPL
Downgrade Concerns Margin Pressure Sec Filing Insider Buying Earnings Beat Estimates Shares Rise — Update,https://example.com/article/585,editor@marketwatch.com,2023-03-17 23:37:00 UTC-4,GOOGL
Dividend Increased Yield Income Merger Talks Speculation Volatile Price Target Raised Analyst Bullish Revenue Growth Cloud Strong — Update,https://example.com/article/586,news@reuters.com,2023-03-18 04:22:00 UTC-4,MSFT
Merger Talks Speculation Volatile Price Target Raised Analyst Bullish Fda Approval Pipeline Stock Jumps Earnings Beat Estimates Shares Rise Dividend Increased Yield Income — Update,https://example.com/article/587,editor@marketwatch.com,2023-03-18 10:54:00 UTC-4,MSFT
Downgrade Concerns Margin Pressure Price Target Raised Analyst Bullish Fda Approval Pipeline Stock Jumps Merger Talks Speculation Volatile — Update,https://example.com/article/588,Reuters,2023-03-18 02:25:00 UTC-4,GOOGL
Dividend Increased Yield Income Merger Talks Speculation Volatile Revenue Growth Cloud Strong Sec Filing Insider Buying — Update,https://example.com/article/589,Bloomberg,2023-03-18 11:14:00 UTC-4,AAPL
Sec Filing Insider Buying Revenue Growth Cloud Strong Downgrade Concerns Margin Pressure Fda Approval Pipeline Stock Jumps — Update,https://example.com/article/590,Reuters,2023-03-18 03:48:00 UTC-4,AAPL
Dividend Increased Yield Income Earnings Beat Estimates Shares Rise Fda Approval Pipeline Stock Jumps Merger Talks Speculation Volatile Sec Filing Insider Buying — Update,https://example.com/article/591,editor@marketwatch.com,2023-03-18 03:59:00 UTC-4,GOOGL
Dividend Increased Yield Income Merger Talks Speculation Volatile Earnings Beat Estimates Shares Rise — Update,https://example.com/article/592,editor@marketwatch.com,2023-03-18 21:01:00 UTC-4,GOOGL
Earnings Beat Estimates Shares Rise Revenue Growth Cloud Strong Price Target Raised Analyst Bullish Dividend Increased Yield Income Fda Approval Pipeline Stock Jumps — Update,https://example.com/article/593,alerts@thefly.com,2023-03-18 23:42:00 UTC-4,MSFT
Dividend Increased Yield Income Downgrade Concerns Margin Pressure Fda Approval Pipeline Stock Jumps Revenue Growth Cloud Strong — Update,https://example.com/article/594,tips@benzinga.com,2023-03-18 23:08:00 UTC-4,MSFT
Price Target Raised Analyst Bullish Revenue Growth Cloud Strong Fda Approval Pipeline Stock Jumps Sec Filing Insider Buying — Update,https://example.com/article/595,Bloomberg,2023-03-19 10:27:00 UTC-4,AAPL
Merger Talks Speculation Volatile Revenue Growth Cloud Strong Downgrade Concerns Margin Pressure Sec Filing Insider Buying — Update,https://example.com/article/596,editor@marketwatch.com,2023-03-19 06:56:00 UTC-4,AAPL
Price Target Raised Analyst Bullish Dividend Increased Yield Income Earnings Beat Estimates Shares Rise Sec Filing Insider Buying Fda Approval Pipeline Stock Jumps — Update,https://example.com/article/597,Bloomberg,2023-03-19 03:04:00 UTC-4,MSFT
Sec Filing Insider Buying Price Target Raised Analyst Bullish Merger Talks Speculation Volatile — Update,https://example.com/article/598,tips@benzinga.com,2023-03-19 10:13:00 UTC-4,MSFT
Price Target Raised Analyst Bullish Downgrade Concerns Margin Pressure Dividend Increased Yield Income Earnings Beat Estimates Shares Rise — Update,https://example.com/article/599,tips@benzinga.com,2023-03-19 02:16:00 UTC-4,GOOGL
Downgrade Concerns Margin Pressure Merger Talks Speculation Volatile Dividend Increased Yield Income Fda Approval Pipeline Stock Jumps — Update,https://example.com/article/600,Reuters,2023-03-19 21:02:00 UTC-4,AAPL
Sec Filing Insider Buying Fda Approval Pipeline Stock Jumps Dividend Increased Yield Income — Update,https://example.com/article/601,editor@marketwatch.com,2023-03-20 06:59:00 UTC-4,GOOGL
Downgrade Concerns Margin Pressure Earnings Beat Estimates Shares Rise Merger Talks Speculation Volatile — Update,https://example.com/article/602,tips@benzinga.com,2023-03-20 06:03:00 UTC-4,MSFT
Revenue Growth Cloud Strong Dividend Increased Yield Income Downgrade Concerns Margin Pressure Price Target Raised Analyst Bullish Sec Filing Insider Buying — Update,https://example.com/article/603,Bloomberg,2023-03-20 11:34:00 UTC-4,MSFT
Dividend Increased Yield Income Earnings Beat Estimates Shares Rise Revenue Growth Cloud Strong Merger Talks Speculation Volatile — Update,https://example.com/article/604,tips@benzinga.com,2023-03-20 03:59:00 UTC-4,AAPL
Merger Talks Speculation Volatile Fda Approval Pipeline Stock Jumps Downgrade Concerns Margin Pressure Sec Filing Insider Buying — Update,https://example.com/article/605,tips@benzinga.com,2023-03-19 23:15:00 UTC-4,MSFT
Sec Filing Insider Buying Revenue Growth Cloud Strong Price Target Raised Analyst Bullish Fda Approval Pipeline Stock Jumps — Update,https://example.com/article/606,Reuters,2023-03-20 04:34:00 UTC-4,GOOGL
Price Target Raised Analyst Bullish Revenue Growth Cloud Strong Fda Approval Pipeline Stock Jumps Dividend Increased Yield Income Earnings Beat Estimates Shares Rise — Update,https://example.com/article/607,tips@benzinga.com,2023-03-20 04:14:00 UTC-4,MSFT
Price Target Raised Analyst Bullish Sec Filing Insider Buying Earnings Beat Estimates Shares Rise — Update,https://example.com/article/608,alerts@thefly.com,2023-03-21 05:54:00 UTC-4,AAPL
Price Target Raised Analyst Bullish Earnings Beat Estimates Shares Rise Fda Approval Pipeline Stock Jumps Merger Talks Speculation Volatile — Update,https://example.com/article/609,editor@marketwatch.com,2023-03-21 04:46:00 UTC-4,MSFT
Earnings Beat Estimates Shares Rise Price Target Raised Analyst Bullish Merger Talks Speculation Volatile Revenue Growth Cloud Strong — Update,https://example.com/article/610,alerts@thefly.com,2023-03-21 06:30:00 UTC-4,AAPL
Price Target Raised Analyst Bullish Downgrade Concerns Margin Pressure Fda Approval Pipeline Stock Jumps — Update,https://example.com/article/611,Reuters,2023-03-20 21:40:00 UTC-4,MSFT
Revenue Growth Cloud Strong Earnings Beat Estimates Shares Rise Price Target Raised Analyst Bullish Merger Talks Speculation Volatile Downgrade Concerns Margin Pressure — Update,https://example.com/article/612,tips@benzinga.com,2023-03-21 10:45:00 UTC-4,MSFT
Downgrade Concerns Margin Pressure Earnings Beat Estimates Shares Rise Fda Approval Pipeline Stock Jumps Price Target Raised Analyst Bullish Revenue Growth Cloud Strong — Update,https://example.com/article/613,editor@marketwatch.com,2023-03-20 22:53:00 UTC-4,MSFT
Price Target Raised Analyst Bullish Fda Approval Pipeline Stock Jumps Sec Filing Insider Buying — Update,https://example.com/article/614,tips@benzinga.com,2023-03-21 05:23:00 UTC-4,AAPL
Fda Approval Pipeline Stock Jumps Dividend Increased Yield Income Downgrade Concerns Margin Pressure Merger Talks Speculation Volatile Price Target Raised Analyst Bullish — Update,https://example.com/article/615,alerts@thefly.com,2023-03-21 01:06:00 UTC-4,GOOGL
Price Target Raised Analyst Bullish Sec Filing Insider Buying Earnings Beat Estimates Shares Rise Dividend Increased Yield Income Fda Approval Pipeline Stock Jumps — Update,https://example.com/article/616,tips@benzinga.com,2023-03-22 10:22:00 UTC-4,GOOGL
Earnings Beat Estimates Shares Rise Price Target Raised Analyst Bullish Dividend Increased Yield Income — Update,https://example.com/article/617,editor@marketwatch.com,2023-03-22 02:43:00 UTC-4,GOOGL
Revenue Growth Cloud Strong Price Target Raised Analyst Bullish Merger Talks Speculation Volatile Earnings Beat Estimates Shares Rise — Update,https://example.com/article/618,alerts@thefly.com,2023-03-22 11:36:00 UTC-4,MSFT
Merger Talks Speculation Volatile Earnings Beat Estimates Shares Rise Sec Filing Insider Buying Price Target Raised Analyst Bullish Dividend Increased Yield Income — Update,https://example.com/article/619,Reuters,2023-03-22 03:14:00 UTC-4,GOOGL
Dividend Increased Yield Income Merger Talks Speculation Volatile Revenue Growth Cloud Strong Fda Approval Pipeline Stock Jumps — Update,https://example.com/article/620,tips@benzinga.com,2023-03-22 10:05:00 UTC-4,GOOGL
Revenue Growth Cloud Strong Merger Talks Speculation Volatile Dividend Increased Yield Income Sec Filing Insider Buying Price Target Raised Analyst Bullish — Update,https://example.com/article/621,Reuters,2023-03-22 00:14:00 UTC-4,MSFT
Merger Talks Speculation Volatile Downgrade Concerns Margin Pressure Price Target Raised Analyst Bullish Fda Approval Pipeline Stock Jumps Sec Filing Insider Buying — Update,https://example.com/article/622,Bloomberg,2023-03-22 06:53:00 UTC-4,MSFT
Downgrade Concerns Margin Pressure Earnings Beat Estimates Shares Rise Fda Approval Pipeline Stock Jumps Sec Filing Insider Buying Dividend Increased Yield Income — Update,https://example.com/article/623,alerts@thefly.com,2023-03-22 04:33:00 UTC-4,AAPL
Revenue Growth Cloud Strong Downgrade Concerns Margin Pressure Merger Talks Speculation Volatile — Update,https://example.com/article/624,Reuters,2023-03-22 23:33:00 UTC-4,MSFT
Earnings Beat Estimates Shares Rise Downgrade Concerns Margin Pressure Price Target Raised Analyst Bullish Fda Approval Pipeline Stock Jumps Dividend Increased Yield Income — Update,https://example.com/article/625,alerts@thefly.com,2023-03-23 03:39:00 UTC-4,MSFT
Dividend Increased Yield Income Revenue Growth Cloud Strong Earnings Beat Estimates Shares Rise Sec Filing Insider Buying — Update,https://example.com/article/626,tips@benzinga.com,2023-03-23 02:38:00 UTC-4,GOOGL
Sec Filing Insider Buying Merger Talks Speculation Volatile Price Target Raised Analyst Bullish Downgrade Concerns Margin Pressure Revenue Growth Cloud Strong — Update,https://example.com/article/627,tips@benzinga.com,2023-03-23 05:12:00 UTC-4,AAPL
Downgrade Concerns Margin Pressure Sec Filing Insider Buying Fda Approval Pipeline Stock Jumps Dividend Increased Yield Income — Update,https://example.com/article/628,Reuters,2023-03-23 02:09:00 UTC-4,GOOGL
Fda Approval Pipeline Stock Jumps Dividend Increased Yield Income Downgrade Concerns Margin Pressure — Update,https://example.com/article/629,news@reuters.com,2023-03-23 11:14:00 UTC-4,AAPL
Sec Filing Insider Buying Price Target Raised Analyst Bullish Downgrade Concerns Margin Pressure Dividend Increased Yield Income — Update,https://example.com/article/630,news@reuters.com,2023-03-22 23:48:00 UTC-4,AAPL
Merger Talks Speculation Volatile Sec Filing Insider Buying Fda Approval Pipeline Stock Jumps Dividend Increased Yield Income — Update,https://example.com/article/631,Bloomberg,2023-03-23 04:39:00 UTC-4,AAPL
Dividend Increased Yield Income Earnings Beat Estimates Shares Rise Merger Talks Speculation Volatile Revenue Growth Cloud Strong — Update,https://example.com/article/632,Reuters,2023-03-24 02:29:00 UTC-4,MSFT
Downgrade Concerns Margin Pressure Fda Approval Pipeline Stock Jumps Price Target Raised Analyst Bullish Dividend Increased Yield Income — Update,https://example.com/article/633,Bloomberg,2023-03-24 10:16:00 UTC-4,MSFT
Dividend Increased Yield Income Price Target Raised Analyst Bullish Downgrade Concerns Margin Pressure Earnings Beat Estimates Shares Rise — Update,https://example.com/article/634,editor@marketwatch.com,2023-03-23 22:55:00 UTC-4,MSFT
Downgrade Concerns Margin Pressure Dividend Increased Yield Income Sec Filing Insider Buying — Update,https://example.com/article/635,alerts@thefly.com,2023-03-23 22:06:00 UTC-4,GOOGL
Price Target Raised Analyst Bullish Revenue Growth Cloud Strong Earnings Beat Estimates Shares Rise — Update,https://example.com/article/636,tips@benzinga.com,2023-03-24 01:00:00 UTC-4,MSFT
Earnings Beat Estimates Shares Rise Downgrade Concerns Margin Pressure Dividend Increased Yield Income — Update,https://example.com/article/637,news@reuters.com,2023-03-23 23:16:00 UTC-4,MSFT
Revenue Growth Cloud Strong Sec Filing Insider Buying Earnings Beat Estimates Shares Rise Fda Approval Pipeline Stock Jumps Merger Talks Speculation Volatile — Update,https://example.com/article/638,Reuters,2023-03-24 11:15:00 UTC-4,MSFT
Price Target Raised Analyst Bullish Sec Filing Insider Buying Dividend Increased Yield Income — Update,https://example.com/article/639,editor@marketwatch.com,2023-03-24 01:59:00 UTC-4,AAPL
Downgrade Concerns Margin Pressure Earnings Beat Estimates Shares Rise Sec Filing Insider Buying — Update,https://example.com/article/640,alerts@thefly.com,2023-03-25 06:25:00 UTC-4,MSFT
Price Target Raised Analyst Bullish Revenue Growth Cloud Strong Dividend Increased Yield Income — Update,https://example.com/article/641,tips@benzinga.com,2023-03-25 03:17:00 UTC-4,MSFT
Revenue Growth Cloud Strong Sec Filing Insider Buying Dividend Increased Yield Income Fda Approval Pipeline Stock Jumps Price Target Raised Analyst Bullish — Update,https://example.com/article/642,alerts@thefly.com,2023-03-25 02:25:00 UTC-4,MSFT
Price Target Raised Analyst Bullish Sec Filing Insider Buying Fda Approval Pipeline Stock Jumps Merger Talks Speculation Volatile — Update,https://example.com/article/643,Reuters,2023-03-24 21:45:00 UTC-4,GOOGL
Price Target Raised Analyst Bullish Dividend Increased Yield Income Sec Filing Insider Buying Fda Approval Pipeline Stock Jumps Merger Talks Speculation Volatile — Update,https://example.com/article/644,Bloomberg,2023-03-25 04:02:00 UTC-4,AAPL
Downgrade Concerns Margin Pressure Fda Approval Pipeline Stock Jumps Revenue Growth Cloud Strong Price Target Raised Analyst Bullish Merger Talks Speculation Volatile — Update,https://example.com/article/645,tips@benzinga.com,2023-03-25 02:30:00 UTC-4,MSFT
Sec Filing Insider Buying Dividend Increased Yield Income Downgrade Concerns Margin Pressure Earnings Beat Estimates Shares Rise — Update,https://example.com/article/646,Reuters,2023-03-25 02:40:00 UTC-4,AAPL
Downgrade Concerns Margin Pressure Earnings Beat Estimates Shares Rise Price Target Raised Analyst Bullish Dividend Increased Yield Income — Update,https://example.com/article/647,Bloomberg,2023-03-25 01:13:00 UTC-4,AAPL
Revenue Growth Cloud Strong Earnings Beat Estimates Shares Rise Merger Talks Speculation Volatile Sec Filing Insider Buying Dividend Increased Yield Income — Update,https://example.com/article/648,editor@marketwatch.com,2023-03-26 02:08:00 UTC-4,GOOGL
Earnings Beat Estimates Shares Rise Downgrade Concerns Margin Pressure Dividend Increased Yield Income — Update,https://example.com/article/649,Bloomberg,2023-03-25 21:09:00 UTC-4,AAPL
Earnings Beat Estimates Shares Rise Merger Talks Speculation Volatile Price Target Raised Analyst Bullish Sec Filing Insider Buying Dividend Increased Yield Income — Update,https://example.com/article/650,Reuters,2023-03-26 10:28:00 UTC-4,MSFT
Earnings Beat Estimates Shares Rise Dividend Increased Yield Income Downgrade Concerns Margin Pressure Merger Talks Speculation Volatile — Update,https://example.com/article/651,tips@benzinga.com,2023-03-26 11:25:00 UTC-4,GOOGL
Revenue Growth Cloud Strong Sec Filing Insider Buying Earnings Beat Estimates Shares Rise Price Target Raised Analyst Bullish Fda Approval Pipeline Stock Jumps — Update,https://example.com/article/652,alerts@thefly.com,2023-03-26 11:56:00 UTC-4,GOOGL
Downgrade Concerns Margin Pressure Fda Approval Pipeline Stock Jumps Earnings Beat Estimates Shares Rise — Update,https://example.com/article/653,Reuters,2023-03-26 06:45:00 UTC-4,GOOGL
Merger Talks Speculation Volatile Price Target Raised Analyst Bullish Fda Approval Pipeline Stock Jumps Dividend Increased Yield Income — Update,https://example.com/article/654,Bloomberg,2023-03-26 06:27:00 UTC-4,AAPL
Price Target Raised Analyst Bullish Dividend Increased Yield Income Downgrade Concerns Margin Pressure Fda Approval Pipeline Stock Jumps — Update,https://example.com/article/655,editor@marketwatch.com,2023-03-26 10:17:00 UTC-4,GOOGL
Sec Filing Insider Buying Revenue Growth Cloud Strong Price Target Raised Analyst Bullish Dividend Increased Yield Income — Update,https://example.com/article/656,editor@marketwatch.com,2023-03-27 04:46:00 UTC-4,MSFT
Dividend Increased Yield Income Sec Filing Insider Buying Downgrade Concerns Margin Pressure — Update,https://example.com/article/657,alerts@thefly.com,2023-03-26 23:18:00 UTC-4,AAPL
Earnings Beat Estimates Shares Rise Downgrade Concerns Margin Pressure Fda Approval Pipeline Stock Jumps Price Target Raised Analyst Bullish Merger Talks Speculation Volatile — Update,https://example.com/article/658,alerts@thefly.com,2023-03-27 10:39:00 UTC-4,AAPL
Merger Talks Speculation Volatile Revenue Growth Cloud Strong Earnings Beat Estimates Shares Rise Fda Approval Pipeline Stock Jumps — Update,https://example.com/article/659,alerts@thefly.com,2023-03-27 01:17:00 UTC-4,MSFT
Revenue Growth Cloud Strong Price Target Raised Analyst Bullish Dividend Increased Yield Income Earnings Beat Estimates Shares Rise Fda Approval Pipeline Stock Jumps — Update,https://example.com/article/660,alerts@thefly.com,2023-03-26 23:19:00 UTC-4,GOOGL
Downgrade Concerns Margin Pressure Revenue Growth Cloud Strong Merger Talks Speculation Volatile Sec Filing Insider Buying — Update,https://example.com/article/661,editor@marketwatch.com,2023-03-27 00:06:00 UTC-4,GOOGL
Merger Talks Speculation Volatile Earnings Beat Estimates Shares Rise Dividend Increased Yield Income — Update,https://example.com/article/662,Bloomberg,2023-03-27 04:12:00 UTC-4,AAPL
Sec Filing Insider Buying Merger Talks Speculation Volatile Fda Approval Pipeline Stock Jumps — Update,https://example.com/article/663,news@reuters.com,2023-03-27 00:31:00 UTC-4,MSFT
Revenue Growth Cloud Strong Downgrade Concerns Margin Pressure Price Target Raised Analyst Bullish Earnings Beat Estimates Shares Rise — Update,https://example.com/article/664,editor@marketwatch.com,2023-03-27 22:25:00 UTC-4,MSFT
Dividend Increased Yield Income Merger Talks Speculation Volatile Fda Approval Pipeline Stock Jumps Earnings Beat Estimates Shares Rise Price Target Raised Analyst Bullish — Update,https://example.com/article/665,alerts@thefly.com,2023-03-27 22:59:00 UTC-4,MSFT
Downgrade Concerns Margin Pressure Revenue Growth Cloud Strong Earnings Beat Estimates Shares Rise Sec Filing Insider Buying — Update,https://example.com/article/666,alerts@thefly.com,2023-03-28 02:58:00 UTC-4,GOOGL
Price Target Raised Analyst Bullish Downgrade Concerns Margin Pressure Earnings Beat Estimates Shares Rise Revenue Growth Cloud Strong — Update,https://example.com/article/667,news@reuters.com,2023-03-28 01:13:00 UTC-4,AAPL
Revenue Growth Cloud Strong Sec Filing Insider Buying Price Target Raised Analyst Bullish Earnings Beat Estimates Shares Rise Merger Talks Speculation Volatile — Update,https://example.com/article/668,editor@marketwatch.com,2023-03-28 11:32:00 UTC-4,GOOGL
Merger Talks Speculation Volatile Dividend Increased Yield Income Price Target Raised Analyst Bullish — Update,https://example.com/article/669,editor@marketwatch.com,2023-03-28 02:43:00 UTC-4,GOOGL
Sec Filing Insider Buying Price Target Raised Analyst Bullish Downgrade Concerns Margin Pressure — Update,https://example.com/article/670,tips@benzinga.com,2023-03-28 10:24:00 UTC-4,GOOGL
Fda Approval Pipeline Stock Jumps Downgrade Concerns Margin Pressure Revenue Growth Cloud Strong — Update,https://example.com/article/671,news@reuters.com,2023-03-27 22:24:00 UTC-4,GOOGL
Dividend Increased Yield Income Fda Approval Pipeline Stock Jumps Downgrade Concerns Margin Pressure Price Target Raised Analyst Bullish — Update,https://example.com/article/672,news@reuters.com,2023-03-29 11:33:00 UTC-4,AAPL
Earnings Beat Estimates Shares Rise Merger Talks Speculation Volatile Revenue Growth Cloud Strong Fda Approval Pipeline Stock Jumps Price Target Raised Analyst Bullish — Update,https://example.com/article/673,Reuters,2023-03-28 22:19:00 UTC-4,GOOGL
Revenue Growth Cloud Strong Merger Talks Speculation Volatile Fda Approval Pipeline Stock Jumps Dividend Increased Yield Income Downgrade Concerns Margin Pressure — Update,https://example.com/article/674,alerts@thefly.com,2023-03-29 11:26:00 UTC-4,AAPL
Fda Approval Pipeline Stock Jumps Earnings Beat Estimates Shares Rise Merger Talks Speculation Volatile Sec Filing Insider Buying Revenue Growth Cloud Strong — Update,https://example.com/article/675,alerts@thefly.com,2023-03-29 04:12:00 UTC-4,GOOGL
Merger Talks Speculation Volatile Downgrade Concerns Margin Pressure Earnings Beat Estimates Shares Rise Dividend Increased Yield Income — Update,https://example.com/article/676,editor@marketwatch.com,2023-03-29 06:53:00 UTC-4,AAPL
Price Target Raised Analyst Bullish Earnings Beat Estimates Shares Rise Fda Approval Pipeline Stock Jumps Sec Filing Insider Buying — Update,https://example.com/article/677,tips@benzinga.com,2023-03-29 00:39:00 UTC-4,MSFT
Downgrade Concerns Margin Pressure Dividend Increased Yield Income Fda Approval Pipeline Stock Jumps Revenue Growth Cloud Strong — Update,https://example.com/article/678,alerts@thefly.com,2023-03-29 05:10:00 UTC-4,AAPL
Fda Approval Pipeline Stock Jumps Merger Talks Speculation Volatile Dividend Increased Yield Income Sec Filing Insider Buying — Update,https://example.com/article/679,editor@marketwatch.com,2023-03-29 11:07:00 UTC-4,AAPL
Merger Talks Speculation Volatile Sec Filing Insider Buying Fda Approval Pipeline Stock Jumps — Update,https://example.com/article/680,news@reuters.com,2023-03-30 04:12:00 UTC-4,MSFT
Fda Approval Pipeline Stock Jumps Downgrade Concerns Margin Pressure Merger Talks Speculation Volatile Price Target Raised Analyst Bullish Revenue Growth Cloud Strong — Update,https://example.com/article/681,tips@benzinga.com,2023-03-30 10:52:00 UTC-4,GOOGL
Revenue Growth Cloud Strong Price Target Raised Analyst Bullish Fda Approval Pipeline Stock Jumps Earnings Beat Estimates Shares Rise — Update,https://example.com/article/682,alerts@thefly.com,2023-03-30 01:26:00 UTC-4,GOOGL
Price Target Raised Analyst Bullish Downgrade Concerns Margin Pressure Merger Talks Speculation Volatile — Update,https://example.com/article/683,Reuters,2023-03-30 00:17:00 UTC-4,MSFT
Price Target Raised Analyst Bullish Earnings Beat Estimates Shares Rise Merger Talks Speculation Volatile — Update,https://example.com/article/684,alerts@thefly.com,2023-03-30 03:01:00 UTC-4,AAPL
Price Target Raised Analyst Bullish Revenue Growth Cloud Strong Earnings Beat Estimates Shares Rise Dividend Increased Yield Income — Update,https://example.com/article/685,Bloomberg,2023-03-30 06:34:00 UTC-4,GOOGL
Merger Talks Speculation Volatile Revenue Growth Cloud Strong Fda Approval Pipeline Stock Jumps Sec Filing Insider Buying — Update,https://example.com/article/686,Reuters,2023-03-30 04:20:00 UTC-4,AAPL
Earnings Beat Estimates Shares Rise Revenue Growth Cloud Strong Merger Talks Speculation Volatile Sec Filing Insider Buying Dividend Increased Yield Income — Update,https://example.com/article/687,Bloomberg,2023-03-30 00:18:00 UTC-4,MSFT
Downgrade Concerns Margin Pressure Fda Approval Pipeline Stock Jumps Dividend Increased Yield Income Sec Filing Insider Buying Merger Talks Speculation Volatile — Update,https://example.com/article/688,Reuters,2023-03-31 00:37:00 UTC-4,AAPL
Fda Approval Pipeline Stock Jumps Sec Filing Insider Buying Merger Talks Speculation Volatile Revenue Growth Cloud Strong — Update,https://example.com/article/689,tips@benzinga.com,2023-03-31 10:57:00 UTC-4,MSFT
Earnings Beat Estimates Shares Rise Downgrade Concerns Margin Pressure Sec Filing Insider Buying Dividend Increased Yield Income — Update,https://example.com/article/690,Bloomberg,2023-03-31 01:25:00 UTC-4,MSFT
Sec Filing Insider Buying Merger Talks Speculation Volatile Earnings Beat Estimates Shares Rise Dividend Increased Yield Income Fda Approval Pipeline Stock Jumps — Update,https://example.com/article/691,Reuters,2023-03-31 10:38:00 UTC-4,MSFT
Earnings Beat Estimates Shares Rise Downgrade Concerns Margin Pressure Sec Filing Insider Buying Merger Talks Speculation Volatile Fda Approval Pipeline Stock Jumps — Update,https://example.com/article/692,Bloomberg,2023-03-31 03:04:00 UTC-4,AAPL
Earnings Beat Estimates Shares Rise Price Target Raised Analyst Bullish Revenue Growth Cloud Strong Sec Filing Insider Buying — Update,https://example.com/article/693,editor@marketwatch.com,2023-03-31 01:30:00 UTC-4,AAPL
Fda Approval Pipeline Stock Jumps Revenue Growth Cloud Strong Downgrade Concerns Margin Pressure Price Target Raised Analyst Bullish — Update,https://example.com/article/694,tips@benzinga.com,2023-03-31 01:59:00 UTC-4,AAPL
Merger Talks Speculation Volatile Downgrade Concerns Margin Pressure Earnings Beat Estimates Shares Rise — Update,https://example.com/article/695,Bloomberg,2023-03-30 21:24:00 UTC-4,AAPL
Price Target Raised Analyst Bullish Revenue Growth Cloud Strong Merger Talks Speculation Volatile Fda Approval Pipeline Stock Jumps — Update,https://example.com/article/696,tips@benzinga.com,2023-04-01 03:38:00 UTC-4,MSFT
Sec Filing Insider Buying Downgrade Concerns Margin Pressure Fda Approval Pipeline Stock Jumps Revenue Growth Cloud Strong — Update,https://example.com/article/697,editor@marketwatch.com,2023-03-31 21:59:00 UTC-4,GOOGL
Downgrade Concerns Margin Pressure Earnings Beat Estimates Shares Rise Merger Talks Speculation Volatile Fda Approval Pipeline Stock Jumps Dividend Increased Yield Income — Update,https://example.com/article/698,tips@benzinga.com,2023-04-01 11:15:00 UTC-4,AAPL
Earnings Beat Estimates Shares Rise Merger Talks Speculation Volatile Downgrade Concerns Margin Pressure Fda Approval Pipeline Stock Jumps Dividend Increased Yield Income — Update,https://example.com/article/699,Reuters,2023-04-01 10:11:00 UTC-4,GOOGL
Sec Filing Insider Buying Downgrade Concerns Margin Pressure Earnings Beat Estimates Shares Rise — Update,https://example.com/article/700,news@reuters.com,2023-03-31 22:54:00 UTC-4,MSFT
Dividend Increased Yield Income Merger Talks Speculation Volatile Revenue Growth Cloud Strong Price Target Raised Analyst Bullish — Update,https://example.com/article/701,alerts@thefly.com,2023-04-01 05:59:00 UTC-4,MSFT
Price Target Raised Analyst Bullish Downgrade Concerns Margin Pressure Sec Filing Insider Buying Earnings Beat Estimates Shares Rise Revenue Growth Cloud Strong — Update,https://example.com/article/702,tips@benzinga.com,2023-04-01 10:40:00 UTC-4,AAPL
Earnings Beat Estimates Shares Rise Price Target Raised Analyst Bullish Merger Talks Speculation Volatile — Update,https://example.com/article/703,Reuters,2023-04-01 05:54:00 UTC-4,AAPL
Earnings Beat Estimates Shares Rise Downgrade Concerns Margin Pressure Fda Approval Pipeline Stock Jumps — Update,https://example.com/article/704,Reuters,2023-04-01 23:45:00 UTC-4,GOOGL
Earnings Beat Estimates Shares Rise Fda Approval Pipeline Stock Jumps Merger Talks Speculation Volatile — Update,https://example.com/article/705,tips@benzinga.com,2023-04-02 03:05:00 UTC-4,MSFT
Fda Approval Pipeline Stock Jumps Earnings Beat Estimates Shares Rise Dividend Increased Yield Income — Update,https://example.com/article/706,tips@benzinga.com,2023-04-02 05:28:00 UTC-4,AAPL
Fda Approval Pipeline Stock Jumps Sec Filing Insider Buying Revenue Growth Cloud Strong Merger Talks Speculation Volatile Price Target Raised Analyst Bullish — Update,https://example.com/article/707,Bloomberg,2023-04-01 23:33:00 UTC-4,GOOGL
Earnings Beat Estimates Shares Rise Revenue Growth Cloud Strong Merger Talks Speculation Volatile Downgrade Concerns Margin Pressure — Update,https://example.com/article/708,Reuters,2023-04-01 21:28:00 UTC-4,GOOGL
Dividend Increased Yield Income Sec Filing Insider Buying Downgrade Concerns Margin Pressure Revenue Growth Cloud Strong — Update,https://example.com/article/709,alerts@thefly.com,2023-04-02 10:27:00 UTC-4,GOOGL
Fda Approval Pipeline Stock Jumps Revenue Growth Cloud Strong Dividend Increased Yield Income Price Target Raised Analyst Bullish — Update,https://example.com/article/710,Reuters,2023-04-02 03:31:00 UTC-4,MSFT
Earnings Beat Estimates Shares Rise Revenue Growth Cloud Strong Price Target Raised Analyst Bullish — Update,https://example.com/article/711,editor@marketwatch.com,2023-04-02 06:16:00 UTC-4,MSFT
Earnings Beat Estimates Shares Rise Dividend Increased Yield Income Downgrade Concerns Margin Pressure Fda Approval Pipeline Stock Jumps Revenue Growth Cloud Strong — Update,https://example.com/article/712,news@reuters.com,2023-04-03 10:40:00 UTC-4,AAPL
Dividend Increased Yield Income Revenue Growth Cloud Strong Merger Talks Speculation Volatile Sec Filing Insider Buying — Update,https://example.com/article/713,tips@benzinga.com,2023-04-03 10:26:00 UTC-4,GOOGL
Revenue Growth Cloud Strong Merger Talks Speculation Volatile Downgrade Concerns Margin Pressure — Update,https://example.com/article/714,Reuters,2023-04-03 06:33:00 UTC-4,MSFT
Earnings Beat Estimates Shares Rise Price Target Raised Analyst Bullish Sec Filing Insider Buying — Update,https://example.com/article/715,Bloomberg,2023-04-03 06:42:00 UTC-4,AAPL
Earnings Beat Estimates Shares Rise Revenue Growth Cloud Strong Downgrade Concerns Margin Pressure Dividend Increased Yield Income — Update,https://example.com/article/716,tips@benzinga.com,2023-04-03 10:53:00 UTC-4,GOOGL
Earnings Beat Estimates Shares Rise Merger Talks Speculation Volatile Price Target Raised Analyst Bullish Sec Filing Insider Buying Dividend Increased Yield Income — Update,https://example.com/article/717,Bloomberg,2023-04-02 22:02:00 UTC-4,GOOGL
Earnings Beat Estimates Shares Rise Merger Talks Speculation Volatile Dividend Increased Yield Income — Update,https://example.com/article/718,news@reuters.com,2023-04-02 22:15:00 UTC-4,AAPL
Merger Talks Speculation Volatile Sec Filing Insider Buying Downgrade Concerns Margin Pressure — Update,https://example.com/article/719,editor@marketwatch.com,2023-04-03 01:12:00 UTC-4,MSFT
Fda Approval Pipeline Stock Jumps Dividend Increased Yield Income Revenue Growth Cloud Strong — Update,https://example.com/article/720,Reuters,2023-04-04 02:15:00 UTC-4,GOOGL
Revenue Growth Cloud Strong Dividend Increased Yield Income Fda Approval Pipeline Stock Jumps — Update,https://example.com/article/721,alerts@thefly.com,2023-04-03 22:23:00 UTC-4,AAPL
Dividend Increased Yield Income Sec Filing Insider Buying Price Target Raised Analyst Bullish — Update,https://example.com/article/722,Reuters,2023-04-04 03:52:00 UTC-4,AAPL
Downgrade Concerns Margin Pressure Earnings Beat Estimates Shares Rise Revenue Growth Cloud Strong Sec Filing Insider Buying Dividend Increased Yield Income — Update,https://example.com/article/723,Bloomberg,2023-04-04 04:26:00 UTC-4,MSFT
Revenue Growth Cloud Strong Fda Approval Pipeline Stock Jumps Merger Talks Speculation Volatile Downgrade Concerns Margin Pressure Earnings Beat Estimates Shares Rise — Update,https://example.com/article/724,news@reuters.com,2023-04-04 04:40:00 UTC-4,AAPL
Earnings Beat Estimates Shares Rise Revenue Growth Cloud Strong Merger Talks Speculation Volatile Price Target Raised Analyst Bullish — Update,https://example.com/article/725,news@reuters.com,2023-04-04 11:56:00 UTC-4,AAPL
Downgrade Concerns Margin Pressure Dividend Increased Yield Income Merger Talks Speculation Volatile Earnings Beat Estimates Shares Rise Sec Filing Insider Buying — Update,https://example.com/article/726,news@reuters.com,2023-04-03 21:15:00 UTC-4,GOOGL
Downgrade Concerns Margin Pressure Sec Filing Insider Buying Fda Approval Pipeline Stock Jumps Revenue Growth Cloud Strong — Update,https://example.com/article/727,tips@benzinga.com,2023-04-04 03:05:00 UTC-4,GOOGL
Revenue Growth Cloud Strong Earnings Beat Estimates Shares Rise Dividend Increased Yield Income Sec Filing Insider Buying — Update,https://example.com/article/728,Reuters,2023-04-05 03:26:00 UTC-4,GOOGL
Fda Approval Pipeline Stock Jumps Downgrade Concerns Margin Pressure Revenue Growth Cloud Strong Price Target Raised Analyst Bullish Merger Talks Speculation Volatile — Update,https://example.com/article/729,Reuters,2023-04-05 10:14:00 UTC-4,MSFT
Downgrade Concerns Margin Pressure Sec Filing Insider Buying Dividend Increased Yield Income Earnings Beat Estimates Shares Rise Merger Talks Speculation Volatile — Update,https://example.com/article/730,alerts@thefly.com,2023-04-05 03:55:00 UTC-4,GOOGL
Price Target Raised Analyst Bullish Earnings Beat Estimates Shares Rise Sec Filing Insider Buying — Update,https://example.com/article/731,editor@marketwatch.com,2023-04-04 22:42:00 UTC-4,MSFT
Fda Approval Pipeline Stock Jumps Price Target Raised Analyst Bullish Dividend Increased Yield Income — Update,https://example.com/article/732,alerts@thefly.com,2023-04-04 22:56:00 UTC-4,AAPL
Price Target Raised Analyst Bullish Sec Filing Insider Buying Fda Approval Pipeline Stock Jumps Revenue Growth Cloud Strong Downgrade Concerns Margin Pressure — Update,https://example.com/article/733,news@reuters.com,2023-04-05 10:13:00 UTC-4,GOOGL
Price Target Raised Analyst Bullish Earnings Beat Estimates Shares Rise Merger Talks Speculation Volatile Dividend Increased Yield Income — Update,https://example.com/article/734,tips@benzinga.com,2023-04-05 10:30:00 UTC-4,MSFT
Fda Approval Pipeline Stock Jumps Downgrade Concerns Margin Pressure Earnings Beat Estimates Shares Rise — Update,https://example.com/article/735,alerts@thefly.com,2023-04-05 06:15:00 UTC-4,AAPL
Earnings Beat Estimates Shares Rise Dividend Increased Yield Income Sec Filing Insider Buying Revenue Growth Cloud Strong — Update,https://example.com/article/736,Reuters,2023-04-05 23:26:00 UTC-4,MSFT
Price Target Raised Analyst Bullish Revenue Growth Cloud Strong Sec Filing Insider Buying Merger Talks Speculation Volatile Downgrade Concerns Margin Pressure — Update,https://example.com/article/737,tips@benzinga.com,2023-04-05 21:35:00 UTC-4,MSFT
Dividend Increased Yield Income Price Target Raised Analyst Bullish Merger Talks Speculation Volatile Earnings Beat Estimates Shares Rise — Update,https://example.com/article/738,editor@marketwatch.com,2023-04-05 22:29:00 UTC-4,GOOGL
Dividend Increased Yield Income Earnings Beat Estimates Shares Rise Merger Talks Speculation Volatile Revenue Growth Cloud Strong Price Target Raised Analyst Bullish — Update,https://example.com/article/739,alerts@thefly.com,2023-04-06 06:57:00 UTC-4,GOOGL
Sec Filing Insider Buying Merger Talks Speculation Volatile Price Target Raised Analyst Bullish Fda Approval Pipeline Stock Jumps — Update,https://example.com/article/740,tips@benzinga.com,2023-04-06 04:14:00 UTC-4,MSFT
Revenue Growth Cloud Strong Sec Filing Insider Buying Dividend Increased Yield Income Merger Talks Speculation Volatile Price Target Raised Analyst Bullish — Update,https://example.com/article/741,news@reuters.com,2023-04-05 23:17:00 UTC-4,AAPL
Fda Approval Pipeline Stock Jumps Price Target Raised Analyst Bullish Revenue Growth Cloud Strong Dividend Increased Yield Income — Update,https://example.com/article/742,Reuters,2023-04-06 03:48:00 UTC-4,AAPL
Earnings Beat Estimates Shares Rise Downgrade Concerns Margin Pressure Revenue Growth Cloud Strong Fda Approval Pipeline Stock Jumps Sec Filing Insider Buying — Update,https://example.com/article/743,Bloomberg,2023-04-06 00:09:00 UTC-4,AAPL
Dividend Increased Yield Income Revenue Growth Cloud Strong Downgrade Concerns Margin Pressure — Update,https://example.com/article/744,news@reuters.com,2023-04-07 03:44:00 UTC-4,AAPL
Fda Approval Pipeline Stock Jumps Merger Talks Speculation Volatile Price Target Raised Analyst Bullish — Update,https://example.com/article/745,alerts@thefly.com,2023-04-07 04:19:00 UTC-4,GOOGL
Fda Approval Pipeline Stock Jumps Price Target Raised Analyst Bullish Revenue Growth Cloud Strong Sec Filing Insider Buying Downgrade Concerns Margin Pressure — Update,https://example.com/article/746,Reuters,2023-04-06 21:42:00 UTC-4,AAPL
Sec Filing Insider Buying Dividend Increased Yield Income Revenue Growth Cloud Strong Downgrade Concerns Margin Pressure — Update,https://example.com/article/747,news@reuters.com,2023-04-06 22:35:00 UTC-4,GOOGL
Downgrade Concerns Margin Pressure Sec Filing Insider Buying Earnings Beat Estimates Shares Rise — Update,https://example.com/article/748,alerts@thefly.com,2023-04-07 00:01:00 UTC-4,GOOGL
Merger Talks Speculation Volatile Downgrade Concerns Margin Pressure Sec Filing Insider Buying Fda Approval Pipeline Stock Jumps — Update,https://example.com/article/749,tips@benzinga.com,2023-04-07 03:53:00 UTC-4,MSFT
Downgrade Concerns Margin Pressure Price Target Raised Analyst Bullish Merger Talks Speculation Volatile Fda Approval Pipeline Stock Jumps — Update,https://example.com/article/750,tips@benzinga.com,2023-04-07 06:42:00 UTC-4,GOOGL
Merger Talks Speculation Volatile Dividend Increased Yield Income Revenue Growth Cloud Strong Fda Approval Pipeline Stock Jumps Price Target Raised Analyst Bullish — Update,https://example.com/article/751,alerts@thefly.com,2023-04-07 00:45:00 UTC-4,GOOGL
Sec Filing Insider Buying Price Target Raised Analyst Bullish Fda Approval Pipeline Stock Jumps — Update,https://example.com/article/752,editor@marketwatch.com,2023-04-08 01:59:00 UTC-4,AAPL
Earnings Beat Estimates Shares Rise Fda Approval Pipeline Stock Jumps Price Target Raised Analyst Bullish Downgrade Concerns Margin Pressure Dividend Increased Yield Income — Update,https://example.com/article/753,editor@marketwatch.com,2023-04-07 21:40:00 UTC-4,MSFT
Price Target Raised Analyst Bullish Dividend Increased Yield Income Merger Talks Speculation Volatile — Update,https://example.com/article/754,Reuters,2023-04-07 23:23:00 UTC-4,GOOGL
Dividend Increased Yield Income Earnings Beat Estimates Shares Rise Fda Approval Pipeline Stock Jumps Price Target Raised Analyst Bullish — Update,https://example.com/article/755,news@reuters.com,2023-04-08 10:58:00 UTC-4,GOOGL
Earnings Beat Estimates Shares Rise Dividend Increased Yield Income Fda Approval Pipeline Stock Jumps Sec Filing Insider Buying Revenue Growth Cloud Strong — Update,https://example.com/article/756,tips@benzinga.com,2023-04-08 06:58:00 UTC-4,MSFT
Price Target Raised Analyst Bullish Fda Approval Pipeline Stock Jumps Merger Talks Speculation Volatile Revenue Growth Cloud Strong Sec Filing Insider Buying — Update,https://example.com/article/757,Reuters,2023-04-08 03:02:00 UTC-4,AAPL
Fda Approval Pipeline Stock Jumps Revenue Growth Cloud Strong Earnings Beat Estimates Shares Rise Sec Filing Insider Buying — Update,https://example.com/article/758,editor@marketwatch.com,2023-04-08 04:51:00 UTC-4,MSFT
Revenue Growth Cloud Strong Dividend Increased Yield Income Earnings Beat Estimates Shares Rise Merger Talks Speculation Volatile Fda Approval Pipeline Stock Jumps — Update,https://example.com/article/759,editor@marketwatch.com,2023-04-07 22:06:00 UTC-4,GOOGL
Dividend Increased Yield Income Price Target Raised Analyst Bullish Earnings Beat Estimates Shares Rise — Update,https://example.com/article/760,Bloomberg,2023-04-09 00:42:00 UTC-4,MSFT
Dividend Increased Yield Income Earnings Beat Estimates Shares Rise Downgrade Concerns Margin Pressure — Update,https://example.com/article/761,Reuters,2023-04-08 21:28:00 UTC-4,AAPL
Downgrade Concerns Margin Pressure Revenue Growth Cloud Strong Fda Approval Pipeline Stock Jumps Earnings Beat Estimates Shares Rise — Update,https://example.com/article/762,Reuters,2023-04-09 05:51:00 UTC-4,AAPL
Earnings Beat Estimates Shares Rise Dividend Increased Yield Income Downgrade Concerns Margin Pressure Sec Filing Insider Buying Revenue Growth Cloud Strong — Update,https://example.com/article/763,tips@benzinga.com,2023-04-08 23:00:00 UTC-4,GOOGL
Earnings Beat Estimates Shares Rise Revenue Growth Cloud Strong Sec Filing Insider Buying Price Target Raised Analyst Bullish — Update,https://example.com/article/764,alerts@thefly.com,2023-04-09 03:55:00 UTC-4,MSFT
Sec Filing Insider Buying Merger Talks Speculation Volatile Earnings Beat Estimates Shares Rise — Update,https://example.com/article/765,tips@benzinga.com,2023-04-09 10:50:00 UTC-4,MSFT
Downgrade Concerns Margin Pressure Dividend Increased Yield Income Sec Filing Insider Buying Revenue Growth Cloud Strong — Update,https://example.com/article/766,Reuters,2023-04-08 21:40:00 UTC-4,MSFT
Earnings Beat Estimates Shares Rise Merger Talks Speculation Volatile Sec Filing Insider Buying Price Target Raised Analyst Bullish — Update,https://example.com/article/767,alerts@thefly.com,2023-04-09 06:04:00 UTC-4,MSFT
Revenue Growth Cloud Strong Fda Approval Pipeline Stock Jumps Price Target Raised Analyst Bullish — Update,https://example.com/article/768,Reuters,2023-04-10 02:58:00 UTC-4,GOOGL
Price Target Raised Analyst Bullish Fda Approval Pipeline Stock Jumps Merger Talks Speculation Volatile Downgrade Concerns Margin Pressure Earnings Beat Estimates Shares Rise — Update,https://example.com/article/769,tips@benzinga.com,2023-04-10 02:12:00 UTC-4,GOOGL
Dividend Increased Yield Income Merger Talks Speculation Volatile Revenue Growth Cloud Strong Price Target Raised Analyst Bullish Sec Filing Insider Buying — Update,https://example.com/article/770,Reuters,2023-04-10 04:21:00 UTC-4,MSFT
Dividend Increased Yield Income Merger Talks Speculation Volatile Downgrade Concerns Margin Pressure — Update,https://example.com/article/771,tips@benzinga.com,2023-04-10 10:25:00 UTC-4,AAPL
Downgrade Concerns Margin Pressure Dividend Increased Yield Income Fda Approval Pipeline Stock Jumps Sec Filing Insider Buying — Update,https://example.com/article/772,news@reuters.com,2023-04-10 00:34:00 UTC-4,MSFT
Revenue Growth Cloud Strong Downgrade Concerns Margin Pressure Earnings Beat Estimates Shares Rise Merger Talks Speculation Volatile Fda Approval Pipeline Stock Jumps — Update,https://example.com/article/773,alerts@thefly.com,2023-04-10 11:45:00 UTC-4,MSFT
Downgrade Concerns Margin Pressure Price Target Raised Analyst Bullish Merger Talks Speculation Volatile Earnings Beat Estimates Shares Rise — Update,https://example.com/article/774,tips@benzinga.com,2023-04-09 23:10:00 UTC-4,MSFT
Merger Talks Speculation Volatile Sec Filing Insider Buying Earnings Beat Estimates Shares Rise Price Target Raised Analyst Bullish Revenue Growth Cloud Strong — Update,https://example.com/article/775,news@reuters.com,2023-04-10 04:57:00 UTC-4,GOOGL
Earnings Beat Estimates Shares Rise Fda Approval Pipeline Stock Jumps Price Target Raised Analyst Bullish Merger Talks Speculation Volatile — Update,https://example.com/article/776,editor@marketwatch.com,2023-04-10 21:00:00 UTC-4,AAPL
Merger Talks Speculation Volatile Downgrade Concerns Margin Pressure Sec Filing Insider Buying Price Target Raised Analyst Bullish Dividend Increased Yield Income — Update,https://example.com/article/777,tips@benzinga.com,2023-04-10 23:45:00 UTC-4,AAPL
Revenue Growth Cloud Strong Merger Talks Speculation Volatile Earnings Beat Estimates Shares Rise Sec Filing Insider Buying — Update,https://example.com/article/778,Bloomberg,2023-04-11 02:47:00 UTC-4,MSFT
Earnings Beat Estimates Shares Rise Downgrade Concerns Margin Pressure Fda Approval Pipeline Stock Jumps Sec Filing Insider Buying — Update,https://example.com/article/779,Bloomberg,2023-04-11 05:49:00 UTC-4,AAPL
Price Target Raised Analyst Bullish Revenue Growth Cloud Strong Dividend Increased Yield Income Merger Talks Speculation Volatile — Update,https://example.com/article/780,editor@marketwatch.com,2023-04-11 06:56:00 UTC-4,MSFT
Merger Talks Speculation Volatile Price Target Raised Analyst Bullish Downgrade Concerns Margin Pressure — Update,https://example.com/article/781,tips@benzinga.com,2023-04-10 21:51:00 UTC-4,GOOGL
Downgrade Concerns Margin Pressure Dividend Increased Yield Income Earnings Beat Estimates Shares Rise Sec Filing Insider Buying Merger Talks Speculation Volatile — Update,https://example.com/article/782,news@reuters.com,2023-04-10 22:42:00 UTC-4,MSFT
Price Target Raised Analyst Bullish Downgrade Concerns Margin Pressure Sec Filing Insider Buying — Update,https://example.com/article/783,editor@marketwatch.com,2023-04-11 11:19:00 UTC-4,GOOGL
Earnings Beat Estimates Shares Rise Sec Filing Insider Buying Dividend Increased Yield Income Fda Approval Pipeline Stock Jumps Merger Talks Speculation Volatile — Update,https://example.com/article/784,editor@marketwatch.com,2023-04-12 05:00:00 UTC-4,GOOGL
Downgrade Concerns Margin Pressure Revenue Growth Cloud Strong Sec Filing Insider Buying — Update,https://example.com/article/785,editor@marketwatch.com,2023-04-12 01:10:00 UTC-4,MSFT
Earnings Beat Estimates Shares Rise Dividend Increased Yield Income Merger Talks Speculation Volatile Price Target Raised Analyst Bullish Fda Approval Pipeline Stock Jumps — Update,https://example.com/article/786,editor@marketwatch.com,2023-04-12 02:45:00 UTC-4,GOOGL
Downgrade Concerns Margin Pressure Revenue Growth Cloud Strong Fda Approval Pipeline Stock Jumps Price Target Raised Analyst Bullish — Update,https://example.com/article/787,editor@marketwatch.com,2023-04-11 23:04:00 UTC-4,MSFT
Downgrade Concerns Margin Pressure Earnings Beat Estimates Shares Rise Merger Talks Speculation Volatile Price Target Raised Analyst Bullish Fda Approval Pipeline Stock Jumps — Update,https://example.com/article/788,tips@benzinga.com,2023-04-12 03:03:00 UTC-4,MSFT
Downgrade Concerns Margin Pressure Earnings Beat Estimates Shares Rise Fda Approval Pipeline Stock Jumps Revenue Growth Cloud Strong Dividend Increased Yield Income — Update,https://example.com/article/789,tips@benzinga.com,2023-04-12 03:44:00 UTC-4,AAPL
Fda Approval Pipeline Stock Jumps Revenue Growth Cloud Strong Price Target Raised Analyst Bullish — Update,https://example.com/article/790,editor@marketwatch.com,2023-04-12 04:46:00 UTC-4,AAPL
Sec Filing Insider Buying Price Target Raised Analyst Bullish Merger Talks Speculation Volatile Downgrade Concerns Margin Pressure — Update,https://example.com/article/791,Bloomberg,2023-04-11 23:53:00 UTC-4,MSFT
Sec Filing Insider Buying Price Target Raised Analyst Bullish Downgrade Concerns Margin Pressure — Update,https://example.com/article/792,tips@benzinga.com,2023-04-13 04:35:00 UTC-4,AAPL
Downgrade Concerns Margin Pressure Fda Approval Pipeline Stock Jumps Merger Talks Speculation Volatile Revenue Growth Cloud Strong — Update,https://example.com/article/793,news@reuters.com,2023-04-12 21:13:00 UTC-4,MSFT
Fda Approval Pipeline Stock Jumps Price Target Raised Analyst Bullish Downgrade Concerns Margin Pressure — Update,https://example.com/article/794,alerts@thefly.com,2023-04-12 23:14:00 UTC-4,GOOGL
Earnings Beat Estimates Shares Rise Fda Approval Pipeline Stock Jumps Merger Talks Speculation Volatile Revenue Growth Cloud Strong — Update,https://example.com/article/795,editor@marketwatch.com,2023-04-13 03:28:00 UTC-4,AAPL
Merger Talks Speculation Volatile Earnings Beat Estimates Shares Rise Fda Approval Pipeline Stock Jumps Revenue Growth Cloud Strong Dividend Increased Yield Income — Update,https://example.com/article/796,Bloomberg,2023-04-13 03:28:00 UTC-4,GOOGL
Revenue Growth Cloud Strong Downgrade Concerns Margin Pressure Price Target Raised Analyst Bullish — Update,https://example.com/article/797,Reuters,2023-04-12 23:32:00 UTC-4,GOOGL
Earnings Beat Estimates Shares Rise Revenue Growth Cloud Strong Dividend Increased Yield Income Fda Approval Pipeline Stock Jumps Downgrade Concerns Margin Pressure — Update,https://example.com/article/798,news@reuters.com,2023-04-13 02:56:00 UTC-4,AAPL
Price Target Raised Analyst Bullish Dividend Increased Yield Income Downgrade Concerns Margin Pressure Fda Approval Pipeline Stock Jumps Revenue Growth Cloud Strong — Update,https://example.com/article/799,Bloomberg,2023-04-13 00:39:00 UTC-4,MSFT
